CensusTract,Opportunity_Tier,PWC_Opportunity_Index,Top_Domain,District,City,Neighborhood,1st Due,LIFEEXPPCT,LOWINCPCT,UNEMPPCT,LINGISOPCT,LESSHSPCT,E_POV150_P,With_PublicAssIncome_P,With_SSI_P,E_UNINSUR_P,With_Medicaid_P,percent_food_insecure,PRE1960PCT,E_HBURD_P,House_Vacant_P,E_MUNIT_P,E_MOBILE_P,E_CROWD_P,Owner_occupied_P,Mean_Proportion_HHIncome,percent_homeowners,PTRAF,E_NOVEH_P,Mean_Transportation_time(min),Work_Drivealone_P,Work_Carpooled_P,Work_PublicTransportation_P,Work_Walk_P,Work_Fromhome_P,Percent_Severe/Fatal,Avg_Person_Injured/Kill,Avg_Pedestrian_Injured/Kill,Percent_Alcohol_Related,Percent_Distracted_Related,Percent_Drowsy_Related,Percent_Drug_Related,Percent_Speed_Related,Percent_Hitrun_Related,Percent_Schoolzone_Related,Percent_Lgtruck_Related,Percent_Young_Related,Percent_Senior_Related,Percent_Bike_Related,Percent_Night_Related,Percent_Workzone_Related,PM25,OZONE,DSLPM,NO2,RSEI_AIR,PTSDF,UST,PWDIS,PNPL,PRMP,Total_Calls,Chronic_History,Violence_Calls,Opioid_Calls,CPR_Calls,DISABILITYPCT,UNDER5PCT,OVER64PCT,E_SNGPNT_P,E_GROUPQ_P,Total_Population,Median_Age,Age_Dependency_Ratio,Old-age_Dependency_Ratio,Child_Dependency_Ratio,Prop_White,Sex_Ratio(males per 100 females),Prop_Black,Prop_Hisp,Socioeconomic_Rank,Socioeconomic_Var1,Socioeconomic_Val1,Socioeconomic_Z1,Housing_Rank,Housing_Var1,Housing_Val1,Housing_Z1,Transportation_Rank,Transportation_Var1,Transportation_Val1,Transportation_Z1,Transportation_Var2,Transportation_Val2,Transportation_Z2,Transportation_Var3,Transportation_Val3,Transportation_Z3,TransportationSafety_Rank,TransportationSafety_Var1,TransportationSafety_Val1,TransportationSafety_Z1,TransportationSafety_Var2,TransportationSafety_Val2,TransportationSafety_Z2,TransportationSafety_Var3,TransportationSafety_Val3,TransportationSafety_Z3,Environmental_Rank,Environmental_Var1,Environmental_Val1,Environmental_Z1,Environmental_Var2,Environmental_Val2,Environmental_Z2,Environmental_Var3,Environmental_Val3,Environmental_Z3,PublicHealth_Rank,PublicHealth_Var1,PublicHealth_Val1,PublicHealth_Z1,Demographics_Rank,Demographics_Var1,Demographics_Val1,Demographics_Z1,Demographics_Var2,Demographics_Val2,Demographics_Z2,Demographics_Var3,Demographics_Val3,Demographics_Z3,Socioeconomic_Var2,Socioeconomic_Val2,Socioeconomic_Z2,Socioeconomic_Var3,Socioeconomic_Val3,Socioeconomic_Z3,Housing_Var2,Housing_Val2,Housing_Z2,Housing_Var3,Housing_Val3,Housing_Z3,PublicHealth_Var2,PublicHealth_Val2,PublicHealth_Z2,PublicHealth_Var3,PublicHealth_Val3,PublicHealth_Z3
51153900100,Less Opportunity,2,Socioeconomic,WOODBRIDGE,Dale City,Bayside Park,Station 2 - 1st Due,0.182564103,0.07668522,0.006586826,0.033354715,0.044565217,0.031539889,0.020525978,0.053239256,0.061842919,0.070275404,0.074,0.045257285,0.116100064,0.033477991,0.275883447,0.0,0.004490058,0.840136054,0.236877828,0.865,1048284.539,0.007055805,45.51067073,0.614619883,0.025730994,0.052046784,0.0,0.232748538,0.125,1.4375,0.125,0.0,0.125,0.0,0.0625,0.125,0.0,0.0,0.0625,0.1875,0.3125,0.0625,0.1875,0.0,7.117336885,55.85079,0.17022229,5.941893021,58.79563204,0.535742038,0.55291834,2955.696985,0.150438512,0.199625414,1259,247,17,3,4,0.095916429,0.0572047,0.299319728,0.007697242,0.0,3001,54.6,63.1,48.6,14.5,0.504738612,99.0,0.164781412,0.161418526,1.0,With_SSI_P,0.053239256,1.093576226984775,6.0,E_MUNIT_P,0.275883447,0.9285170831760026,4.0,Work_Carpooled_P,0.025730994,-1.5616720150837895,Work_Walk_P,0.0,-0.6280321483470866,PTRAF,1048284.539,0.6176581954854359,3.0,Percent_Drug_Related,0.0625,2.452630970571641,Percent_Senior_Related,0.3125,1.8901664487337249,Percent_Bike_Related,0.0625,1.6471836401457214,5.0,PTSDF,0.535742038,1.4158788431011173,OZONE,55.85079,1.3200235828855003,PRMP,0.199625414,0.6109025339669237,2.0,CPR_Calls,4.0,0.18639312824915769,0.0,Median_Age,54.6,2.6306098835046874,OVER64PCT,0.299319728,2.23583498013386,Total_Population,3001.0,-1.4296311051334174,,,,,,,,,,,,,,,,,,
51153900201,High Opportunity,5,Socioeconomic,WOODBRIDGE,Dale City,Marumsco Village,Station 2 - 1st Due,0.217435897,0.327175698,0.06742281,0.096774194,0.133783784,0.255632937,0.08012487,0.037460978,0.110200737,0.195850622,0.154,0.112476371,0.387096774,0.09168242,0.371455577,0.0,0.069719043,0.530788177,0.353118812,0.488,1939166.587,0.01144641,40.84618506,0.683366734,0.10754843,0.016700067,0.015364061,0.177020708,0.152941177,1.752941176,0.047058824,0.070588235,0.082352941,0.011764706,0.0,0.211764706,0.094117647,0.011764706,0.023529412,0.141176471,0.117647059,0.023529412,0.352941177,0.011764706,7.212371585,56.00132,0.246330689,7.430988248,47.18831416,0.506328415,5.158355947,1608.187692,0.107441159,0.212286876,1042,181,44,7,3,0.154356846,0.032363785,0.072101598,0.097814776,0.002048341,3180,36.3,51.9,14.0,38.0,0.259409594,69.1,0.225092251,0.374169742,1.0,E_POV150_P,0.255632937,1.6829245074063397,3.0,E_HBURD_P,0.387096774,1.6823533459890703,5.0,PTRAF,1939166.587,2.7969803484952958,Work_PublicTransportation_P,0.016700067,-0.6278517146809665,,,,4.0,Percent_Night_Related,0.352941177,0.7182703865873157,Percent_Hitrun_Related,0.094117647,0.6141925946547389,Avg_Person_Injured/Kill,1.752941176,0.24225053531689872,6.0,UST,5.158355947,2.5447161453348355,DSLPM,0.246330689,2.3955139358224296,NO2,7.430988248,1.6239195654951408,2.0,Violence_Calls,44.0,0.3810507955901289,0.0,DISABILITYPCT,0.154356846,2.178609534439385,Total_Population,3180.0,-1.3167321153364206,Prop_Hisp,0.374169742,0.783223763368044,percent_food_insecure,0.154,1.5774577984283387,LOWINCPCT,0.327175698,1.2709859458225112,House_Vacant_P,0.09168242,1.5450453150164283,E_MUNIT_P,0.371455577,1.5048978485003184,Opioid_Calls,7.0,0.005520633919125084,,,
51153900202,High Opportunity,6,Socioeconomic,WOODBRIDGE,Dale City,Marumsco Village,Station 2 - 1st Due,0.169230769,0.276915616,0.048494329,0.135111111,0.171480144,0.030310378,0.122666667,0.0,0.185741998,0.155063291,0.074,0.584518167,0.193777778,0.111374408,0.16192733,0.004739336,0.0,0.841901067,0.258486239,0.824,1942872.958,0.012444444,35.77643172,0.756890169,0.126696833,0.00987248,0.0,0.06622789,0.109090909,1.709090909,0.045454545,0.072727273,0.272727273,0.018181818,0.027272727,0.3,0.118181818,0.018181818,0.081818182,0.190909091,0.163636364,0.0,0.309090909,0.009090909,7.216208197,55.82964,0.243887459,7.024271642,42.40539441,0.323682439,2.421485001,1481.485726,0.100379162,0.197936753,1188,264,32,11,4,0.039678676,0.040979631,0.066440349,0.038222222,0.0,3520,37.0,47.5,16.5,31.0,0.202326145,119.2,0.088441968,0.591713109,1.0,With_PublicAssIncome_P,0.122666667,1.5133782269623794,5.0,PRE1960PCT,0.584518167,5.773282937120461,4.0,PTRAF,1942872.958,2.806047066637958,Work_Drivealone_P,0.756890169,1.1308498861360317,Work_Fromhome_P,0.06622789,-1.126297762252163,3.0,Percent_Speed_Related,0.3,1.0923605344419907,Percent_Hitrun_Related,0.118181818,1.0439645851998238,Percent_Distracted_Related,0.272727273,0.8450821862297886,6.0,DSLPM,0.243887459,2.324253200020398,OZONE,55.82964,1.2906749138974594,NO2,7.024271642,1.2398098623485994,2.0,Opioid_Calls,11.0,0.682718394665137,0.0,Prop_Hisp,0.591713109,2.2088757453684162,Total_Population,3520.0,-1.102287106783466,Sex_Ratio(males per 100 females),119.2,0.8831524158039046,LINGISOPCT,0.135111111,1.2704153143589918,E_UNINSUR_P,0.185741998,1.0895369334056224,House_Vacant_P,0.111374408,2.1199170223729866,E_MUNIT_P,0.16192733,0.2412653296590801,CPR_Calls,4.0,0.18639312824915769,,,
51153900203,Exceptional Opportunity,7,Socioeconomic,WOODBRIDGE,Dale City,Woodbridge,Station 2 - 1st Due,0.206153846,0.301154936,0.042467591,0.143669986,0.191298094,0.230115494,0.076102418,0.077524893,0.181085204,0.225841714,0.163,0.10210396,0.343527738,0.129950495,0.611386139,0.0,0.084637269,0.101680122,0.339889416,0.075,1432192.241,0.007823613,39.43759832,0.767241379,0.081135903,0.019269777,0.061866126,0.034482759,0.21311475400000002,1.6885245899999999,0.114754099,0.229508197,0.262295082,0.016393443,0.0,0.213114754,0.196721312,0.098360656,0.049180328,0.098360656,0.098360656,0.032786885,0.409836066,0.032786885,7.197157923,55.83719,0.217923803,7.046775897,45.32269551,0.257901881,1.43282189,1696.97799,0.10855256,0.0,1608,294,114,16,1,0.100787057,0.095227718,0.057528873,0.092460882,0.001307474,4891,29.3,69.6,7.2,62.5,0.104599407,76.8,0.283753709,0.482937685,1.0,With_SSI_P,0.077524893,2.2476338911584963,4.0,Owner_occupied_P,0.101680122,-2.9635772200979815,5.0,Work_Fromhome_P,0.034482759,-1.5642196859941209,PTRAF,1432192.241,1.5567932488384333,Work_Drivealone_P,0.767241379,1.2982495662473328,3.0,Percent_Alcohol_Related,0.229508197,2.74607963050952,Percent_Hitrun_Related,0.196721312,2.4466339176602596,Percent_Schoolzone_Related,0.098360656,1.7014980478449468,6.0,DSLPM,0.217923803,1.5669813792459188,OZONE,55.83719,1.3011516255220317,NO2,7.046775897,1.2610632426632056,2.0,Violence_Calls,114.0,2.683083744558637,0.0,Child_Dependency_Ratio,62.5,2.1931746052200642,Prop_Hisp,0.482937685,1.4960252413191208,UNDER5PCT,0.095227718,0.9346130268975712,percent_food_insecure,0.163,1.8068457606866222,With_Medicaid_P,0.225841714,1.429058503076268,E_MUNIT_P,0.611386139,2.95188203678045,percent_homeowners,0.075,-2.908591416036379,Opioid_Calls,16.0,1.5292155955976519,Total_Calls,1608.0,0.04225304019546099
51153900301,High Opportunity,5,Socioeconomic,OCCOQUAN,Dale City,Woodbridge,Station 2 - 1st Due,0.180512821,0.232398397,0.092181467,0.093147039,0.109263658,0.209502003,0.088489687,0.02328676,0.090440756,0.172154824,0.184,0.198136646,0.275449102,0.066459627,0.224844721,0.0,0.012641384,0.603892387,0.345895522,0.685,1980590.732,0.055222888,37.58444869,0.61707989,0.089256198,0.072727273,0.076584022,0.13553719,0.060606059999999996,1.5636363629999999,0.018181818,0.048484848,0.151515152,0.042424242,0.0,0.357575758,0.066666667,0.006060606,0.139393939,0.175757576,0.157575758,0.0,0.363636364,0.018181818,7.243385246,56.03626,0.250596623,6.979261768,42.57440461,0.455011814,5.261958187,749.7767363,0.039346429,0.23544811,1413,247,24,3,4,0.134315425,0.048368632,0.089009731,0.079174983,0.0,3514,37.8,41.8,15.3,26.4,0.45743714,93.4,0.17206907,0.201151166,1.0,percent_food_insecure,0.184,2.3420843392892827,5.0,PRE1960PCT,0.198136646,1.5609755169425181,3.0,PTRAF,1980590.732,2.898314253551145,E_NOVEH_P,0.055222888,1.3184141622328116,Work_Carpooled_P,0.089256198,-0.3131462124251748,4.0,Percent_Speed_Related,0.357575758,1.6962263689983919,Percent_Lgtruck_Related,0.139393939,1.3019611156630753,Percent_Drowsy_Related,0.042424242,0.9719325972706243,6.0,UST,5.261958187,2.6158965125649813,DSLPM,0.250596623,2.519936767779677,OZONE,56.03626,1.5773899014297226,2.0,CPR_Calls,4.0,0.18639312824915769,0.0,DISABILITYPCT,0.134315425,1.5613291665420233,Total_Population,3514.0,-1.1060714304638122,Prop_White,0.45743714,0.3613703692082839,UNEMPPCT,0.092181467,1.4889148267345604,E_POV150_P,0.209502003,1.1418033658572324,House_Vacant_P,0.066459627,0.8087118337949764,E_HBURD_P,0.275449102,0.6886813580534202,,,,,,
51153900302,Exceptional Opportunity,7,PublicHealth,OCCOQUAN,Dale City,Lake Ridge,Station 20 - 1st Due,0.180512821,0.289380696,0.00859423,0.066008083,0.171858501,0.224235768,0.055680287,0.017063314,0.111111111,0.188657845,0.142,0.015879828,0.26986978,0.044206009,0.193991416,0.056652361,0.04220925,0.537250595,0.351252053,0.486,1876875.904,0.014369106,43.30398027,0.687334705,0.066118131,0.058771672,0.0,0.165736115,0.088,1.676,0.044,0.052,0.208,0.052,0.016,0.256,0.06,0.0,0.112,0.148,0.152,0.004,0.312,0.036,7.232929781,55.79823,0.248440548,7.404631107,40.20947831,0.286848501,2.458813027,839.2163909,0.0,0.195784515,2804,401,39,9,1,0.098865784,0.048142046,0.064616511,0.119892232,0.0,5032,37.8,53.6,14.5,39.1,0.24785077,94.7,0.291484185,0.270884023,2.0,E_POV150_P,0.224235768,1.3146321175169384,4.0,E_MOBILE_P,0.056652361,1.443272140303224,3.0,PTRAF,1876875.904,2.6446016293452446,Work_Carpooled_P,0.066118131,-0.767902306921838,Work_Walk_P,0.0,-0.6280321483470866,5.0,Percent_Drowsy_Related,0.052,1.389486016820101,Percent_Lgtruck_Related,0.112,0.7784366702151901,Percent_Speed_Related,0.256,0.630879910591904,6.0,DSLPM,0.248440548,2.4570513697842506,NO2,7.404631107,1.5990274576835861,OZONE,55.79823,1.2470890182514007,1.0,Total_Calls,2804.0,1.231303300754787,0.0,E_SNGPNT_P,0.119892232,1.2767640325969993,Prop_Black,0.291484185,0.8489647351640034,DISABILITYPCT,0.098865784,0.4694720852347953,percent_food_insecure,0.142,1.271607182083961,LOWINCPCT,0.289380696,0.9541027263453655,percent_homeowners,0.486,-1.1288988966071587,Owner_occupied_P,0.537250595,-0.9849592845478394,Chronic_History,401.0,0.5146621085374338,Opioid_Calls,9.0,0.34411951429213106
51153900403,Exceptional Opportunity,8,PublicHealth,OCCOQUAN,Dale City,Potomac Mills,Station 20 - 1st Due,0.16,0.254022989,0.054404946,0.103076923,0.151957209,0.198460783,0.166153846,0.06,0.070247257,0.205780916,0.096,0.051192843,0.315897436,0.030815109,0.203777336,0.0,0.033333333,0.828096726,0.48960396,0.732,1311404.74,0.056923077,36.82104317,0.629923866,0.239324727,0.03939093,0.003641178,0.083416087,0.100869565,1.829565217,0.026086957,0.066086957,0.213913044,0.022608696,0.006956522,0.170434783,0.060869565,0.015652174,0.053913043,0.194782609,0.142608696,0.00173913,0.297391304,0.033043478,7.208924863,55.47455,0.178071521,7.419461825,34.71307642,0.09824936,2.968459601,1223.102014,0.078182302,0.0,8244,1038,190,35,18,0.103629496,0.127231046,0.125921074,0.015384615,0.004584903,5789,36.6,66.4,19.7,46.7,0.210990991,95.9,0.232792793,0.381441441,2.0,With_PublicAssIncome_P,0.166153846,2.537141177282365,6.0,Mean_Proportion_HHIncome,0.48960396,2.0896407462459066,3.0,E_NOVEH_P,0.056923077,1.3896522949400891,PTRAF,1311404.74,1.2613165610693242,Work_Fromhome_P,0.083416087,-0.8891877532906076,4.0,Avg_Person_Injured/Kill,1.829565217,0.5284281902589388,Percent_Drowsy_Related,0.022608696,0.10787055721698453,Percent_Night_Related,0.297391304,0.07935731054238755,5.0,NO2,7.419461825,1.6130338262566706,UST,2.968459601,1.0401383861644244,OZONE,55.47455,0.7979364330009825,1.0,Total_Calls,8244.0,6.639692445773794,0.0,UNDER5PCT,0.127231046,2.0426314639661767,Prop_Hisp,0.381441441,0.8308782252568317,DISABILITYPCT,0.103629496,0.616195508484927,With_SSI_P,0.06,1.4148479493907593,With_Medicaid_P,0.205780916,1.1598804943158032,E_HBURD_P,0.315897436,1.0486743228370041,E_MUNIT_P,0.203777336,0.49365625666999013,Violence_Calls,190.0,5.182433803438731,Opioid_Calls,35.0,4.745904959141209
51153900404,Exceptional Opportunity,8,Socioeconomic,NEABSCO,Dale City,Forestdale,Station 10 - 1st Due,0.164102564,0.354005622,0.089608177,0.199541284,0.218958611,0.265345493,0.130160551,0.029243119,0.235180638,0.227095861,0.132,0.053650442,0.324541284,0.03539823,0.071902655,0.0,0.038990826,0.710951211,0.375235849,0.786,1072587.897,0.006880734,47.32890917,0.69431988,0.12406577,0.032511211,0.016442451,0.099775785,0.10619469100000001,1.849557523,0.044247788,0.088495575,0.194690266,0.017699115,0.026548673,0.097345133,0.061946903,0.017699115,0.03539823,0.203539823,0.132743363,0.03539823,0.247787611,0.0,7.205901366,55.28439,0.173518369,6.966819502,32.82387659,0.024933455,1.103061651,1128.579837,0.102979571,0.0,1695,430,52,11,5,0.08135833,0.052086987,0.081024202,0.122706422,0.000701508,5893,35.4,56.8,14.7,42.1,0.197631755,76.2,0.151767845,0.524683122,1.0,LINGISOPCT,0.199541284,2.344507741293568,6.0,E_HBURD_P,0.324541284,1.12560516672933,5.0,Mean_Transportation_time(min),47.32890917,0.9202776285046369,PTRAF,1072587.897,0.6771103380006364,Work_Fromhome_P,0.099775785,-0.6635068317030588,3.0,Percent_Drug_Related,0.026548673,0.6408672397583351,Percent_Bike_Related,0.03539823,0.608325839860249,Avg_Person_Injured/Kill,1.849557523,0.6030960252268659,4.0,NO2,6.966819502,1.1855511374404413,OZONE,55.28439,0.5340620644542078,PM25,7.205901366,0.3423526051044781,2.0,Chronic_History,430.0,0.7029410754341666,0.0,Prop_Hisp,0.524683122,1.769600417704626,E_SNGPNT_P,0.122706422,1.340634997302979,,,,E_POV150_P,0.265345493,1.796853902160836,E_UNINSUR_P,0.235180638,1.7289546222462604,Mean_Proportion_HHIncome,0.375235849,0.5027868827948331,Owner_occupied_P,0.710951211,-0.1959086589015324,Opioid_Calls,11.0,0.682718394665137,Violence_Calls,52.0,0.6441402754722441
51153900407,Exceptional Opportunity,7,Socioeconomic,NEABSCO,Dale City,Evansdale,Station 17 - 1st Due,0.17839493832467535,0.276343631,0.069092697,0.071365248,0.146657572,0.167865707,0.120567376,0.026595745,0.131894484,0.242219991,0.119,0.044769874,0.349734043,0.056066946,0.390376569,0.0,0.117907801,0.446748484,0.321158587,0.48,960221.5154,0.01462766,43.94493953,0.722381823,0.054844607,0.024027161,0.004439802,0.179420214,0.099009901,1.940594059,0.079207921,0.059405941,0.198019802,0.0,0.0,0.118811881,0.02970297,0.00990099,0.03960396,0.306930693,0.178217822,0.0,0.346534654,0.0,7.202148634,55.18307,0.170696031,6.265945822,29.93241569,0.0,3.055211956,31.74779747,0.123719695,0.0,1658,425,63,8,4,0.087767102,0.097898152,0.087318381,0.063829787,0.0,6916,32.5,53.8,13.3,40.5,0.164841583,95.2,0.329975179,0.349248065,1.0,With_Medicaid_P,0.242219991,1.648824037318092,3.0,E_CROWD_P,0.117907801,2.516742168751356,5.0,Work_Carpooled_P,0.054844607,-0.9894724037434265,Work_Drivealone_P,0.722381823,0.5727812080230328,PTRAF,960221.5154,0.4022338319309578,4.0,Percent_Young_Related,0.306930693,0.9789230594436974,Avg_Person_Injured/Kill,1.940594059,0.943101877783331,Percent_Night_Related,0.346534654,0.6445850459082725,6.0,UST,3.055211956,1.0997419670037962,NO2,6.265945822,0.5236347632464059,OZONE,55.18307,0.3934659820964054,2.0,Violence_Calls,63.0,1.0058883103101526,0.0,Prop_Black,0.329975179,1.181030040979457,UNDER5PCT,0.097898152,1.0270687273476888,Prop_Hisp,0.349248065,0.6199016694803313,With_PublicAssIncome_P,0.120567376,1.4639573080349826,LOWINCPCT,0.276343631,0.8447965506311054,E_MUNIT_P,0.390376569,1.619007430965994,Owner_occupied_P,0.446748484,-1.3960732399920825,Chronic_History,425.0,0.6704791845899024,CPR_Calls,4.0,0.18639312824915769
51153900408,Moderate Opportunity,3,PublicHealth,NEABSCO,Dale City,Neabsco Hills,Station 17 - 1st Due,0.178461538,0.068616423,0.033874382,0.091916558,0.101277372,0.058492688,0.129074316,0.004563233,0.120734908,0.203647988,0.092,0.061442006,0.133637549,0.038244514,0.0,0.0,0.132333768,0.799400075,0.258561644,0.857,816841.4259,0.016297262,45.27020992,0.710791926,0.114518634,0.024456522,0.009704969,0.130822981,0.363636364,1.454545455,0.0,0.181818182,0.272727273,0.0,0.0,0.181818182,0.0,0.0,0.181818182,0.272727273,0.181818182,0.0,0.363636364,0.0,7.191485792,55.15391,0.157985338,5.89665489,29.17011798,0.0,0.0,485.9194125,0.131832714,0.0,789,245,20,4,2,0.081797668,0.131983502,0.069553806,0.035853977,0.0,5473,33.2,63.7,11.9,51.8,0.245106383,111.3,0.302765957,0.259787234,2.0,With_PublicAssIncome_P,0.129074316,1.6642252994950653,6.0,E_CROWD_P,0.132333768,2.942202644131105,5.0,Mean_Transportation_time(min),45.27020992,0.5750608210901742,Work_Drivealone_P,0.710791926,0.3853494922793739,Work_PublicTransportation_P,0.024456522,-0.254276397271563,3.0,Percent_Severe/Fatal,0.363636364,3.047022473387993,Percent_Lgtruck_Related,0.181818182,2.112729084815716,Percent_Alcohol_Related,0.181818182,1.8503070718543269,4.0,OZONE,55.15391,0.35300228527886585,PM25,7.191485792,0.19137329347660295,NO2,5.89665489,0.17487046847052526,1.0,Total_Calls,789.0,-0.7719878991005992,0.0,UNDER5PCT,0.131983502,2.207170879034426,Child_Dependency_Ratio,51.8,1.0254743070002408,Prop_Black,0.302765957,0.9462936082328623,With_Medicaid_P,0.203647988,1.1312606302471135,LINGISOPCT,0.091916558,0.5503343320818811,PRE1960PCT,0.061442006,0.07073901474045609,,,,Opioid_Calls,4.0,-0.5023776866403838,Chronic_History,245.0,-0.49814888580361205
51153900409,High Opportunity,5,PublicHealth,NEABSCO,Dale City,Cloverdale,Station 10 - 1st Due,0.206153846,0.121382637,0.024560239,0.091830272,0.234729494,0.074155507,0.060797973,0.01139962,0.13931641,0.097124472,0.075,0.0,0.191893604,0.014971928,0.0,0.0,0.013932869,0.732560464,0.353438395,0.82,953881.3149,0.02279924,41.33061527,0.686714237,0.159700985,0.010873259,0.0,0.083248386,0.075,1.8,0.1,0.1,0.175,0.025,0.025,0.125,0.1,0.0,0.075,0.3,0.05,0.0,0.375,0.0,7.189668306,55.24277,0.160766455,6.513326571,31.51438735,0.0,0.0,1444.887787,0.113966102,0.0,1254,341,29,4,4,0.104966821,0.029982011,0.121726964,0.026599113,0.0,4834,40.4,48.7,18.6,30.2,0.187239442,74.6,0.220047127,0.4571325,4.0,LESSHSPCT,0.234729494,1.7201108115693218,5.0,Mean_Proportion_HHIncome,0.353438395,0.20034790928326518,6.0,Work_PublicTransportation_P,0.010873259,-0.9084891512526543,Work_Fromhome_P,0.083248386,-0.8915011771833442,Work_Walk_P,0.0,-0.6280321483470866,3.0,Percent_Night_Related,0.375,0.9719824059984243,Percent_Young_Related,0.3,0.9082018813003473,Percent_Hitrun_Related,0.1,0.7192479717088187,2.0,NO2,6.513326571,0.7572651207503216,OZONE,55.24277,0.4763083243463128,PM25,7.189668306,0.1723381315625973,1.0,CPR_Calls,4.0,0.18639312824915769,0.0,Prop_Hisp,0.4571325,1.3269131527803042,DISABILITYPCT,0.104966821,0.657385425507195,Median_Age,40.4,0.506480609871877,LINGISOPCT,0.091830272,0.5488958889606672,E_UNINSUR_P,0.13931641,0.48908873778317696,Owner_occupied_P,0.732560464,-0.09774668923183764,,,,Chronic_History,341.0,0.1251194184062623,,,
51153900410,Exceptional Opportunity,8,PublicHealth,NEABSCO,Dale City,Brightwood Forest,Station 10 - 1st Due,0.176410256,0.307248345,0.050169109,0.071703561,0.068422482,0.14904091,0.043792108,0.015880654,0.158037685,0.133196721,0.112,0.014905149,0.273820982,0.061427281,0.546070461,0.032520325,0.074590953,0.477338313,0.311626879,0.357,1318504.531,0.010105871,40.2245998,0.730066951,0.030127815,0.110772976,0.014303104,0.068472307,0.112449799,1.5823293170000001,0.040160643,0.048192771,0.144578313,0.012048193,0.008032129,0.421686747,0.088353414,0.012048193,0.136546185,0.168674699,0.120481928,0.0,0.345381526,0.040160643,7.158474044,55.32373,0.176123879,7.097802327,36.39436334,0.042028269,1.822891019,2210.774855,0.234565584,0.0,2216,388,63,6,6,0.051912568,0.108300798,0.038872857,0.170837344,0.0,5588,32.8,49.5,8.3,41.2,0.132791806,92.9,0.490022956,0.209253046,2.0,LOWINCPCT,0.307248345,1.10390978653834,3.0,E_MUNIT_P,0.546070461,2.55797326365468,4.0,Work_Carpooled_P,0.030127815,-1.4752567952574784,PTRAF,1318504.531,1.2786844402883248,Work_Fromhome_P,0.068472307,-1.095336182338722,5.0,Percent_Speed_Related,0.421686747,2.368634987165802,Percent_Lgtruck_Related,0.136546185,1.2475378056884856,Percent_Night_Related,0.345381526,0.6313222152704142,6.0,NO2,7.097802327,1.3092534237150408,OZONE,55.32373,0.5886519764158666,DSLPM,0.176123879,0.3478193107100068,1.0,Violence_Calls,63.0,1.0058883103101526,0.0,Prop_Black,0.490022956,2.5617767687617663,E_SNGPNT_P,0.170837344,2.4330162581020938,UNDER5PCT,0.108300798,1.3872288820134158,E_UNINSUR_P,0.158037685,0.7312214985680615,percent_food_insecure,0.112,0.5069806412230172,percent_homeowners,0.357,-1.6874885194937024,Owner_occupied_P,0.477338313,-1.2571161984645869,CPR_Calls,6.0,0.809962866391794,Total_Calls,2216.0,0.6467200622858207
51153900502,High Opportunity,6,PublicHealth,NEABSCO,Dale City,Potomac Town Center,Station 12 - 1st Due,0.176410256,0.155176005,0.053894183,0.033806957,0.045620952,0.053794992,0.087212151,0.027927487,0.047339593,0.15820643,0.093,0.0,0.272415483,0.041784038,0.380751174,0.0,0.030377266,0.484142915,0.300711662,0.483,1523818.995,0.035766781,42.03076923,0.633451957,0.087026852,0.066645099,0.003882239,0.158848269,0.14516129,1.806451613,0.024193548,0.080645161,0.169354839,0.016129032,0.0,0.201612903,0.056451613,0.008064516,0.024193548,0.217741936,0.129032258,0.032258065,0.346774194,0.032258065,7.152292077,55.49733,0.211705209,7.548125292,44.85417152,0.20549711,2.088257473,2471.517405,0.220695041,0.0,2623,293,40,8,5,0.061759729,0.075899844,0.087050078,0.025477707,0.02543036,4718,35.9,47.9,13.2,34.7,0.267175573,93.2,0.413832986,0.138098543,2.0,With_PublicAssIncome_P,0.087212151,0.6787179722163279,3.0,E_MUNIT_P,0.380751174,1.5609581593148458,5.0,PTRAF,1523818.995,1.7809353956567122,E_NOVEH_P,0.035766781,0.5032008345186658,Work_Walk_P,0.003882239,-0.40878479113136434,4.0,Percent_Night_Related,0.346774194,0.647340142004276,Percent_Bike_Related,0.032258065,0.48795787479990677,Avg_Person_Injured/Kill,1.806451613,0.4421028424483346,6.0,NO2,7.548125292,1.7345456735383005,DSLPM,0.211705209,1.385606075204098,OZONE,55.49733,0.8295469615847796,1.0,Total_Calls,2623.0,1.0513550589811766,0.0,Prop_Black,0.413832986,1.9044789684472248,Total_Population,4718.0,-0.34668381194099634,E_GROUPQ_P,0.02543036,0.29821072127567605,With_Medicaid_P,0.15820643,0.5215207735667778,UNEMPPCT,0.053894183,0.21337779269539503,Owner_occupied_P,0.484142915,-1.226205683643073,percent_homeowners,0.483,-1.1418893529533574,CPR_Calls,5.0,0.4981779973204759,Violence_Calls,40.0,0.2495060556490713
51153900503,High Opportunity,5,Socioeconomic,WOODBRIDGE,Dale City,Marumsco Hills,Station 12 - 1st Due,0.164102564,0.215890411,0.075921909,0.084621644,0.209232097,0.149359142,0.014646054,0.0,0.142035051,0.2256707,0.103,0.136470588,0.238405208,0.036078431,0.407058824,0.0,0.068348251,0.698404395,0.326337638,0.541,1907799.483,0.007323027,46.74418605,0.626404494,0.169007491,0.03511236,0.027153558,0.073970037,0.083916084,1.664335664,0.013986014,0.041958042,0.223776224,0.027972028,0.006993007,0.363636364,0.083916084,0.013986014,0.090909091,0.160839161,0.160839161,0.0,0.181818182,0.0,7.193168306,55.66076,0.217562229,7.477478341,42.095928,0.226708482,1.263350919,2006.137798,0.12830849,0.0,1514,247,27,2,4,0.067859022,0.092074287,0.090504839,0.056143206,0.0,3787,35.7,54.1,14.5,39.6,0.188539192,100.7,0.237826603,0.454572447,1.0,With_Medicaid_P,0.2256707,1.4267638182890445,3.0,E_MUNIT_P,0.407058824,1.719615536113754,4.0,PTRAF,1907799.483,2.7202485019209623,Work_Fromhome_P,0.073970037,-1.0194953707883183,Mean_Transportation_time(min),46.74418605,0.8222272461052538,5.0,Percent_Speed_Related,0.363636364,1.7597911925845184,Percent_Hitrun_Related,0.083916084,0.4319986584006668,Percent_Lgtruck_Related,0.090909091,0.375369172758296,6.0,NO2,7.477478341,1.6678255569350013,DSLPM,0.217562229,1.5564354915125151,OZONE,55.66076,1.0563296080488156,2.0,CPR_Calls,4.0,0.18639312824915769,0.0,Prop_Hisp,0.454572447,1.310136062842756,Total_Population,3787.0,-0.9338847030080575,UNDER5PCT,0.092074287,0.8254350161599476,LESSHSPCT,0.209232097,1.387281305289395,UNEMPPCT,0.075921909,0.9472292794884358,E_CROWD_P,0.068348251,1.0550980583352927,percent_homeowners,0.541,-0.8907405302601825,,,,,,
51153900504,Exceptional Opportunity,8,Socioeconomic,WOODBRIDGE,Dale City,Marumsco Hills,Station 12 - 1st Due,0.164102564,0.468972332,0.19214798,0.212274368,0.236950549,0.384721402,0.228158845,0.046209386,0.251624336,0.253593227,0.184,0.120310479,0.416606498,0.104139715,0.212807245,0.168822768,0.064259928,0.745619216,0.406262231,0.667,1365936.922,0.033212996,38.79899618,0.693594646,0.138145316,0.052581262,0.059273423,0.0,0.14285714300000002,1.857142858,0.163265306,0.142857143,0.224489796,0.020408163,0.0,0.142857143,0.12244898,0.0,0.040816327,0.102040816,0.102040816,0.040816327,0.408163265,0.102040816,7.177772131,55.69278,0.217556775,7.118523772,45.25113794,0.230626832,2.15025423,2152.487718,0.110172242,0.0,1948,392,86,14,5,0.126009057,0.050009844,0.111045481,0.085198556,0.0,5459,34.3,68.7,19.1,49.7,0.143731491,84.6,0.160908193,0.594471866,1.0,UNEMPPCT,0.19214798,4.819289201037466,5.0,E_MOBILE_P,0.168822768,4.992479184739542,3.0,Work_Fromhome_P,0.0,-2.0399070018603025,PTRAF,1365936.922,1.394716030226172,E_NOVEH_P,0.033212996,0.39619692216783087,4.0,Percent_Night_Related,0.408163265,1.3534134068009485,Avg_Pedestrian_Injured/Kill,0.163265306,1.1963541209028599,Percent_Hitrun_Related,0.12244898,1.1201735976240768,6.0,DSLPM,0.217556775,1.556276416823246,NO2,7.118523772,1.3288230895961461,OZONE,55.69278,1.1007619664883752,2.0,Violence_Calls,86.0,1.7622705649712338,0.0,Prop_Hisp,0.594471866,2.2269550250961565,DISABILITYPCT,0.126009057,1.3054911251710617,Child_Dependency_Ratio,49.7,0.796299482115977,With_PublicAssIncome_P,0.228158845,3.9968454434714356,E_POV150_P,0.384721402,3.1971469929433107,E_HBURD_P,0.416606498,1.9449919266709172,House_Vacant_P,0.104139715,1.908713343134987,Opioid_Calls,14.0,1.1906167152246458,CPR_Calls,5.0,0.4981779973204759
51153900601,Exceptional Opportunity,7,Socioeconomic,WOODBRIDGE,Dale City,Marumsco Acres,Station 12 - 1st Due,0.209230769,0.408672409,0.034954407,0.139773895,0.224921278,0.380110497,0.065775951,0.102774923,0.286187845,0.317127072,0.119,0.211873081,0.351490236,0.004094166,0.030706244,0.0,0.096608428,0.893064382,0.353846154,0.892,991004.3362,0.063720452,40.00880282,0.725459318,0.031496063,0.056692913,0.028346457,0.105511811,0.12195122,1.707317073,0.12195122,0.146341463,0.146341463,0.024390244,0.0,0.170731707,0.048780488,0.0,0.024390244,0.146341463,0.048780488,0.048780488,0.463414634,0.073170732,7.144686885,55.77587,0.200556916,6.613009549,51.94356778,0.243795815,3.204844393,2511.424884,0.128927425,0.0,1025,256,30,5,2,0.104972376,0.106353591,0.088674033,0.175745118,0.000276243,3453,34.2,42.7,11.7,31.0,0.184050633,131.4,0.11721519,0.57164557,1.0,With_SSI_P,0.102774923,3.4475196772351135,5.0,E_CROWD_P,0.096608428,1.8885665073297948,3.0,E_NOVEH_P,0.063720452,1.6744631614444179,Work_Carpooled_P,0.031496063,-1.4483652179799615,Work_Drivealone_P,0.725459318,0.6225504309973636,2.0,Percent_Night_Related,0.463414634,1.9888932057103608,Percent_Alcohol_Related,0.146341463,1.183939670809867,Percent_Bike_Related,0.048780488,1.121290974931968,6.0,OZONE,55.77587,1.2160613001155904,UST,3.204844393,1.202547580233797,DSLPM,0.200556916,1.0604481645216661,4.0,Total_Calls,1025.0,-0.5373592523681568,0.0,E_SNGPNT_P,0.175745118,2.5444032859640804,Prop_Hisp,0.57164557,2.077364832653621,Sex_Ratio(males per 100 females),131.4,1.527448984863574,E_POV150_P,0.380110497,3.143060548971149,With_Medicaid_P,0.317127072,2.6539355441304755,PRE1960PCT,0.211873081,1.7107292808583963,E_HBURD_P,0.351490236,1.3654526998388645,CPR_Calls,2.0,-0.43717660989347873,Chronic_History,256.0,-0.4267327259462306
51153900602,Exceptional Opportunity,8,Socioeconomic,WOODBRIDGE,Dale City,Jefferson Plaza,Station 2 - 1st Due,0.209230769,0.44896821,0.032258065,0.181481481,0.140437158,0.286391523,0.153333333,0.038518519,0.194645845,0.194158076,0.152,0.127484578,0.54,0.074708705,0.605209047,0.093899931,0.077037037,0.291411043,0.408023139,0.272,1142798.963,0.058518519,41.23584051,0.799474606,0.09938704,0.015323993,0.01882662,0.033712785,0.112676056,1.830985915,0.169014085,0.14084507,0.154929578,0.014084507,0.014084507,0.183098592,0.126760563,0.0,0.042253521,0.197183099,0.084507042,0.028169014,0.422535211,0.23943662,7.172420219,55.84385,0.215971619,7.022999902,48.63163107,0.287571303,2.758406258,2267.25926,0.122189658,0.057887864,1938,315,93,13,2,0.056128293,0.077523703,0.054099275,0.04,0.0,3694,27.6,32.2,7.9,24.3,0.115420129,117.4,0.242843952,0.548476454,1.0,LOWINCPCT,0.44896821,2.2921263418666458,4.0,E_HBURD_P,0.54,3.0432026124314024,5.0,Work_Drivealone_P,0.799474606,1.8195250392359898,Work_Fromhome_P,0.033712785,-1.5748414249723375,E_NOVEH_P,0.058518519,1.4565015151872285,3.0,Percent_Workzone_Related,0.23943662,3.2119964324360333,Percent_Night_Related,0.422535211,1.518713950829404,Avg_Pedestrian_Injured/Kill,0.169014085,1.2687211139485235,6.0,DSLPM,0.215971619,1.5100427904675588,OZONE,55.84385,1.3103933340544387,NO2,7.022999902,1.2386088106416526,2.0,Violence_Calls,93.0,1.9924738598680845,0.0,Prop_Hisp,0.548476454,1.9255279984531253,Total_Population,3694.0,-0.9925417200534246,Sex_Ratio(males per 100 females),117.4,0.7880922662705109,With_PublicAssIncome_P,0.153333333,2.2353242621521434,E_POV150_P,0.286391523,2.0437262455362544,E_MUNIT_P,0.605209047,2.914628948307495,E_MOBILE_P,0.093899931,2.6218302053741196,Opioid_Calls,13.0,1.021317275038143,Total_Calls,1938.0,0.37033546994845223
51153900701,Exceptional Opportunity,7,PublicHealth,WOODBRIDGE,Dale City,Leesylvania,Station 12 - 1st Due,0.17839493832467535,0.379545455,0.061248528,0.023320158,0.045013421,0.20161748,0.0743083,0.0,0.121027242,0.274119668,0.139,0.030529172,0.264426878,0.141791045,0.295454546,0.013568521,0.026482213,0.568783822,0.314918315,0.343,1153840.255,0.051778656,41.65190924,0.752295855,0.080416977,0.024075453,0.020352445,0.105237032,0.142857143,1.60952381,0.057142857,0.057142857,0.20952381,0.019047619,0.0,0.20952381,0.057142857,0.047619048,0.038095238,0.2,0.104761905,0.028571429,0.304761905,0.00952381,7.128559016,55.5346,0.200355687,6.613335613,47.97493187,0.193484377,2.131176596,2850.34223,0.240154859,0.0,1947,434,79,10,3,0.074577727,0.081157775,0.067395006,0.149802372,0.00368899,8102,31.2,44.9,8.9,36.0,0.173501577,110.4,0.443349106,0.208596215,2.0,With_Medicaid_P,0.274119668,2.076857435339546,3.0,House_Vacant_P,0.141791045,3.007875315067187,5.0,E_NOVEH_P,0.051778656,1.174100408708556,Work_Drivealone_P,0.752295855,1.0565506791900936,PTRAF,1153840.255,0.8758740959764705,4.0,Percent_Schoolzone_Related,0.047619048,0.5881021381810582,Percent_Bike_Related,0.028571429,0.3466427295007902,Percent_Night_Related,0.304761905,0.16413110214421192,6.0,DSLPM,0.200355687,1.054578996819605,OZONE,55.5346,0.8812644506242108,NO2,6.613335613,0.8517152682680013,1.0,Violence_Calls,79.0,1.532067270074383,0.0,Prop_Black,0.443349106,2.1591172200414968,E_SNGPNT_P,0.149802372,1.9556057228492247,UNDER5PCT,0.081157775,0.4474838054458405,LOWINCPCT,0.379545455,1.710067737679428,percent_food_insecure,0.139,1.1951445279978672,percent_homeowners,0.343,-1.748110649109296,E_MUNIT_P,0.295454546,1.046547360620462,Chronic_History,434.0,0.7289105881095781,Opioid_Calls,10.0,0.5134189544786341
51153900702,Exceptional Opportunity,7,PublicHealth,WOODBRIDGE,Dale City,Marumsco Woods,Station 12 - 1st Due,0.165128205,0.183508391,0.099564529,0.06686799,0.141848034,0.121164722,0.084555651,0.015099223,0.173625316,0.08436214,0.102,0.028747433,0.16824849,0.048049281,0.15687885,0.0,0.025884383,0.901696547,0.29766791,0.851,793963.6178,0.052631579,40.66290046,0.556389318,0.141249172,0.023615096,0.0,0.228426396,0.333333333,1.433333333,0.166666667,0.166666667,0.2,0.0,0.1,0.266666667,0.1,0.033333333,0.1,0.2,0.133333333,0.033333333,0.3,0.033333333,7.111257104,55.6238,0.177713017,5.849758825,56.79743907,0.361530455,0.456434083,3604.508696,0.255181855,0.0,2066,495,51,16,6,0.118978456,0.056310913,0.06738058,0.028904228,0.0,7796,33.6,54.5,12.3,42.2,0.226607648,83.3,0.205705152,0.416697406,2.0,UNEMPPCT,0.099564529,1.734880798246336,5.0,House_Vacant_P,0.048049281,0.2712553292488135,4.0,E_NOVEH_P,0.052631579,1.2098379895675597,Work_Walk_P,0.0,-0.6280321483470866,Work_PublicTransportation_P,0.023615096,-0.294802125200949,3.0,Percent_Drug_Related,0.1,4.342439931044755,Percent_Severe/Fatal,0.333333333,2.6397681372019535,Percent_Alcohol_Related,0.166666667,1.5657126686222762,6.0,OZONE,55.6238,1.005042288625756,PTSDF,0.361530455,0.6803933115336114,DSLPM,0.177713017,0.39416907850549393,1.0,Opioid_Calls,16.0,1.5292155955976519,0.0,DISABILITYPCT,0.118978456,1.0889470002899184,Prop_Hisp,0.416697406,1.0619251979718665,Prop_Black,0.205705152,0.1089412162676381,E_UNINSUR_P,0.173625316,0.9328250820914084,LIFEEXPPCT,0.165128205,-0.7310859343996114,E_MUNIT_P,0.15687885,0.2108187259669314,,,,Chronic_History,495.0,1.1249456564096023,CPR_Calls,6.0,0.809962866391794
51153900801,Moderate Opportunity,4,Socioeconomic,WOODBRIDGE,Dumfries,Powells Landing,Station 23 - 1st Due,0.175384615,0.044044044,0.06455455,0.011003521,0.051814604,0.028502209,0.006602113,0.007042254,0.070257945,0.043371404,0.063,0.0,0.028169014,0.0,0.0,0.0,0.002640845,0.952224758,0.283641975,0.972,708673.9258,0.002640845,48.17034437,0.620436106,0.077332657,0.040821501,0.0,0.24163286,0.071428572,1.7321428570000001,0.035714286,0.107142857,0.285714286,0.017857143,0.035714286,0.125,0.071428571,0.017857143,0.053571429,0.142857143,0.071428571,0.0,0.232142857,0.017857143,7.063994536,55.45296,0.179821116,4.933585435,59.70629063,0.414167476,1.267863648,4171.512648,0.326056004,0.0,1536,428,39,4,2,0.09454966,0.067835257,0.103463018,0.033450704,0.000712555,7078,38.4,55.1,15.8,39.2,0.290688149,106.1,0.329191699,0.151419989,1.0,UNEMPPCT,0.06455455,0.5685268522356068,3.0,E_HBURD_P,0.028169014,-1.5121284951055651,2.0,Mean_Transportation_time(min),48.17034437,1.061375252837161,Work_Walk_P,0.0,-0.6280321483470866,Work_Carpooled_P,0.077332657,-0.5474917581326376,5.0,Percent_Drug_Related,0.035714286,1.1027674417751046,Percent_Distracted_Related,0.285714286,1.0177787271360483,Percent_Alcohol_Related,0.107142857,0.4476632072286157,6.0,PTSDF,0.414167476,0.9026160059357108,OZONE,55.45296,0.76797720068648,DSLPM,0.179821116,0.4556551792342534,4.0,Chronic_History,428.0,0.6899563190964609,0.0,Prop_Black,0.329191699,1.1742708877655832,DISABILITYPCT,0.09454966,0.33653447514164697,Median_Age,38.4,0.20730747274049535,LIFEEXPPCT,0.175384615,-0.16588899368104618,,,,House_Vacant_P,0.0,-1.1314558752128714,percent_homeowners,0.972,0.9755550314770286,Violence_Calls,39.0,0.2166198706638069,,,
51153900803,Exceptional Opportunity,8,PublicHealth,WOODBRIDGE,Dumfries,Cherry Hill,Station 23 - 1st Due,0.17839493832467535,0.215285065,0.054432348,0.022813688,0.093275488,0.185729276,0.126901141,0.032794677,0.116474292,0.245393338,0.167,0.011984021,0.281844107,0.066134044,0.250776742,0.0,0.067490494,0.552116125,0.407586207,0.487,731358.0153,0.02661597,41.22412008,0.751766217,0.147077714,0.003853565,0.0,0.069364162,0.139534884,1.627906977,0.139534884,0.093023256,0.209302326,0.0,0.046511628,0.209302326,0.139534884,0.0,0.139534884,0.255813954,0.139534884,0.0,0.279069767,0.046511628,7.071904098,55.14926,0.157864669,5.667331141,52.49390076,0.342470995,1.190701308,3870.957296,0.368213043,0.0,2029,407,73,11,3,0.118532955,0.056313396,0.055788737,0.162072243,0.0,6127,31.7,57.6,12.9,44.7,0.132480053,112.4,0.476396277,0.246509309,2.0,percent_food_insecure,0.167,1.9087959661347482,4.0,percent_homeowners,0.487,-1.1245687444917591,6.0,Work_PublicTransportation_P,0.003853565,-1.2465797369863283,Work_Fromhome_P,0.069364162,-1.0830331032523928,Work_Drivealone_P,0.751766217,1.0479853779572155,3.0,Percent_Drug_Related,0.046511628,1.6468984727322429,Percent_Hitrun_Related,0.139534884,1.4253178293677022,Percent_Lgtruck_Related,0.139534884,1.304654709781236,5.0,PTSDF,0.342470995,0.5999281850012981,OZONE,55.14926,0.3465497410332628,RSEI_AIR,52.49390076,0.274148315109444,1.0,Violence_Calls,73.0,1.3347501601627965,0.0,Prop_Black,0.476396277,2.444218169745487,E_SNGPNT_P,0.162072243,2.2340831879769967,DISABILITYPCT,0.118532955,1.0752254672120671,With_Medicaid_P,0.245393338,1.6914043587273397,With_PublicAssIncome_P,0.126901141,1.6130650241973359,E_CROWD_P,0.067490494,1.0298005028244344,Mean_Proportion_HHIncome,0.407586207,0.9516470600546052,Opioid_Calls,11.0,0.682718394665137,Chronic_History,407.0,0.5536163775505509
51153900804,High Opportunity,5,Socioeconomic,WOODBRIDGE,Dumfries,North Pond Trail,Station 23 - 1st Due,0.17839493832467535,0.070600632,0.052168816,0.018220793,0.064614531,0.051984545,0.067524116,0.013933548,0.069195645,0.080780942,0.074,0.008574491,0.229903537,0.0,0.128081458,0.0,0.006966774,0.725500527,0.374329359,0.678,549528.9028,0.052518757,51.94889601,0.661402976,0.139993927,0.028241725,0.0,0.147282114,0.153846154,1.307692308,0.38461538500000003,0.153846154,0.076923077,0.0,0.076923077,0.153846154,0.0,0.076923077,0.076923077,0.384615385,0.153846154,0.0,0.384615385,0.0,7.024996448,55.32433,0.15388705,4.198051573,63.82219524,0.473868267,0.0,5072.237106,0.410134344,0.0,1607,285,29,6,1,0.081676518,0.098349139,0.064278188,0.088960343,0.0,5564,38.7,54.9,12.0,42.9,0.248386502,68.1,0.480545823,0.124469851,1.0,With_PublicAssIncome_P,0.067524116,0.2152277835884763,6.0,Mean_Proportion_HHIncome,0.374329359,0.49020936318641856,4.0,Mean_Transportation_time(min),51.94889601,1.6949887025974786,E_NOVEH_P,0.052518757,1.2051107335929003,Work_Walk_P,0.0,-0.6280321483470866,2.0,Avg_Pedestrian_Injured/Kill,0.38461538500000003,3.982761395847685,Percent_Drug_Related,0.076923077,3.1794805746301393,Percent_Young_Related,0.384615385,1.7716219918510763,5.0,PTSDF,0.473868267,1.1546604868336063,OZONE,55.32433,0.5894845627701449,PWDIS,5072.237106,0.5731606442795874,3.0,Total_Calls,1607.0,0.04125885101439133,0.0,Prop_Black,0.480545823,2.4800166804694577,UNDER5PCT,0.098349139,1.0426827882003058,E_SNGPNT_P,0.088960343,0.5747326876599904,UNEMPPCT,0.052168816,0.1558973637934899,,,,percent_homeowners,0.678,-0.29750969045044245,E_HBURD_P,0.229903537,0.28332268550355827,,,,,,
51153900901,Exceptional Opportunity,8,PublicHealth,POTOMAC,Dumfries,Dumfries,Station 3 - 1st Due,0.209230769,0.297543976,0.047265161,0.042761463,0.209754722,0.24001326,0.065945389,0.036063885,0.157633018,0.221451531,0.12,0.150214592,0.281813498,0.074391989,0.101573677,0.043395327,0.047398248,0.576386583,0.343975584,0.525,617775.3796,0.044307058,35.92796885,0.725578599,0.133453562,0.032762248,0.01653141,0.073639916,0.269230769,1.769230769,0.038461538,0.115384615,0.115384615,0.0,0.0,0.153846154,0.153846154,0.0,0.0,0.115384615,0.153846154,0.038461538,0.384615385,0.0,7.024476503,54.8924,0.15422515,5.347383539,43.64059141,0.404154444,1.668831907,4292.497404,0.818762251,0.0,2350,468,100,17,13,0.074099137,0.051549809,0.075087021,0.157135497,0.001823305,6363,31.0,58.1,12.0,46.2,0.145153512,89.6,0.338048545,0.4135991,2.0,E_POV150_P,0.24001326,1.4997039064779403,4.0,House_Vacant_P,0.074391989,1.0402826882110106,3.0,Work_Fromhome_P,0.073639916,-1.0240493675378552,E_NOVEH_P,0.044307058,0.8610395137966215,Work_Drivealone_P,0.725578599,0.6244794423152057,6.0,Percent_Severe/Fatal,0.269230769,1.7782686010782198,Percent_Hitrun_Related,0.153846154,1.6809087240271594,Percent_Night_Related,0.384615385,1.0825748317940018,5.0,PTSDF,0.404154444,0.8603430408647119,PWDIS,4292.497404,0.3681904480589043,PNPL,0.818762251,0.2500705762795823,1.0,CPR_Calls,13.0,2.992456949891021,0.0,E_SNGPNT_P,0.157135497,2.122038610486356,Prop_Black,0.338048545,1.2506797036966648,Prop_Hisp,0.4135991,1.0416207127068957,LESSHSPCT,0.209754722,1.3941033750371246,With_Medicaid_P,0.221451531,1.370150541487001,PRE1960PCT,0.150214592,1.0385322511985333,E_MOBILE_P,0.043395327,1.0238035859889674,Violence_Calls,100.0,2.222677154764935,Opioid_Calls,17.0,1.698515035784155
51153900904,Moderate Opportunity,4,Socioeconomic,WOODBRIDGE,Dumfries,River Heritage Boulevard,Station 23 - 1st Due,0.17839493832467535,0.085463621,0.045604396,0.028280543,0.04494661,0.056376244,0.067873303,0.020927602,0.04145312,0.079963515,0.061,0.0456718,0.082013575,0.061072756,0.0,0.006903877,0.032239819,0.825588413,0.378495763,0.852,530888.8414,0.0,45.9574659,0.622852234,0.083619702,0.052119129,0.027491409,0.202749141,0.125,1.607142857,0.017857143,0.107142857,0.25,0.053571429,0.017857143,0.160714286,0.035714286,0.017857143,0.035714286,0.25,0.125,0.017857143,0.285714286,0.017857143,6.989775683,55.0882,0.144219387,4.376006727,66.94235433,0.457200488,1.287070259,5345.34055,0.60977887,0.0,1890,452,23,8,1,0.052447552,0.053964426,0.049291528,0.070701357,0.000904432,7498,35.1,64.0,9.3,54.7,0.219611849,112.5,0.423756019,0.162264702,1.0,With_PublicAssIncome_P,0.067873303,0.22344824583858883,5.0,House_Vacant_P,0.061072756,0.6514519507867433,4.0,Mean_Transportation_time(min),45.9574659,0.6903046165557326,Work_Carpooled_P,0.083619702,-0.42392603286592556,,,,6.0,Percent_Drowsy_Related,0.053571429,1.4580085873079116,Percent_Distracted_Related,0.25,0.5428632363194252,Percent_Alcohol_Related,0.107142857,0.4476632072286157,2.0,PTSDF,0.457200488,1.0842925463857844,PWDIS,5345.34055,0.6449513538736262,RSEI_AIR,66.94235433,0.5037674043115142,3.0,Chronic_History,452.0,0.8457733951489296,0.0,Prop_Black,0.423756019,1.9900858765920708,Child_Dependency_Ratio,54.7,1.3419538270785112,Sex_Ratio(males per 100 females),112.5,0.5293174147629386,,,,,,,Mean_Proportion_HHIncome,0.378495763,0.5480180847460325,,,,Total_Calls,1890.0,0.32261438925710806,Opioid_Calls,8.0,0.17482007410562805
51153900905,High Opportunity,6,PublicHealth,POTOMAC,Dumfries,Graham Park Shores,Station 3 - 1st Due,0.183589744,0.195886386,0.108793325,0.026761333,0.070300937,0.111508453,0.01583834,0.03003823,0.121423927,0.121386334,0.132,0.11715915,0.190060077,0.050803525,0.082426128,0.0,0.019661387,0.852792705,0.401205788,0.81,378613.9247,0.008192245,48.96251932,0.634920635,0.156613757,0.049029982,0.009171076,0.089241623,0.181818182,1.363636364,0.0,0.181818182,0.090909091,0.0,0.090909091,0.181818182,0.0,0.0,0.0,0.181818182,0.0,0.0,0.181818182,0.0,6.988679508,54.78707,0.105171752,4.40406457,58.06339028,0.610764259,0.390342632,5690.108559,3.372635011,0.0,1506,382,45,4,6,0.135019711,0.083062419,0.109720416,0.049153468,0.001788036,6301,40.3,51.9,14.2,37.8,0.2594172,144.2,0.394278607,0.189410092,2.0,UNEMPPCT,0.108793325,2.0423372132167086,6.0,Mean_Proportion_HHIncome,0.401205788,0.8631189515455245,5.0,Mean_Transportation_time(min),48.96251932,1.19421258065603,Work_Fromhome_P,0.089241623,-0.8088248802582666,Work_Walk_P,0.009171076,-0.11010056921851222,3.0,Percent_Drug_Related,0.090909091,3.8843044300568694,Percent_Alcohol_Related,0.181818182,1.8503070718543269,Percent_Severe/Fatal,0.181818182,0.6034965100293268,4.0,PNPL,3.372635011,1.7911284660294413,PTSDF,0.610764259,1.7326072554223573,PWDIS,5690.108559,0.735580529576859,1.0,CPR_Calls,6.0,0.809962866391794,0.0,Sex_Ratio(males per 100 females),144.2,2.203432270434374,Prop_Black,0.394278607,1.735781562434112,DISABILITYPCT,0.135019711,1.5830213370315789,percent_food_insecure,0.132,1.0167316684636467,E_UNINSUR_P,0.121423927,0.2576752092662031,PRE1960PCT,0.11715915,0.6781638690525829,House_Vacant_P,0.050803525,0.35166046410653123,Violence_Calls,45.0,0.4139369805753933,Chronic_History,382.0,0.3913069233292295
51153901005,Less Opportunity,1,PublicHealth,COLES,Dumfries,Powell's Creek Greenway,Station 17 - 1st Due,0.175384615,0.051111447,0.040507696,0.018411362,0.025343439,0.033368564,0.033140452,0.028406102,0.026121093,0.044193843,0.045,0.002104156,0.052603893,0.0,0.0,0.0,0.012624934,0.984448135,0.319444444,0.972,466236.6797,0.008416623,46.50553877,0.707905687,0.0740638,0.027461859,0.005825243,0.173647712,0.090909091,1.818181818,0.0,0.03030303,0.212121212,0.03030303,0.03030303,0.151515152,0.0,0.0,0.121212121,0.181818182,0.303030303,0.03030303,0.242424242,0.0,7.150998907,54.54996,0.139790394,4.580749549,23.75098068,0.0,0.143134103,22.11230586,0.263333754,0.0,982,258,13,4,2,0.053642182,0.057224823,0.042276914,0.021567596,0.0,6849,33.9,63.4,10.2,53.2,0.48946316,111.4,0.216582064,0.144439317,2.0,LIFEEXPPCT,0.175384615,-0.16588899368104618,5.0,E_HBURD_P,0.052603893,-1.294656385244671,4.0,Mean_Transportation_time(min),46.50553877,0.7822092337123576,Work_Carpooled_P,0.0740638,-0.6117379478764947,Work_Drivealone_P,0.707905687,0.33867325971093487,3.0,Percent_Senior_Related,0.303030303,1.7704221480656075,Percent_Lgtruck_Related,0.121212121,0.9544891370737832,Percent_Drug_Related,0.03030303,0.8300677064094009,6.0,NO2,4.580749549,-1.0678916967420216,UST,0.143134103,-0.9010137210905483,PTSDF,0.0,-0.845914034364952,1.0,Violence_Calls,13.0,-0.6384209389530675,0.0,Child_Dependency_Ratio,53.2,1.178257523589751,Prop_White,0.48946316,0.5315827534820888,Sex_Ratio(males per 100 females),111.4,0.4712251011591982,,,,,,,House_Vacant_P,0.0,-1.1314558752128714,Owner_occupied_P,0.984448135,1.04647564556484,Total_Calls,982.0,-0.5801093871541527,Opioid_Calls,4.0,-0.5023776866403838
51153901009,Moderate Opportunity,3,Socioeconomic,COLES,Dale City,Dumfries,Station 17 - 1st Due,0.157948718,0.06105433,0.02276867,0.008932559,0.045615589,0.059037117,0.032603841,0.013398839,0.009279182,0.055854365,0.059,0.010272443,0.117016525,0.0,0.0,0.0,0.0,0.922270038,0.372286822,0.979,634993.6713,0.015185351,42.39880737,0.641967991,0.109958506,0.049199763,0.013337285,0.179905157,0.129032258,2.096774194,0.096774194,0.096774194,0.129032258,0.0,0.0,0.096774194,0.032258065,0.0,0.0,0.225806452,0.161290323,0.064516129,0.290322581,0.0,7.176833333,54.95034,0.148521017,5.311493204,26.71695376,0.0,0.108358093,157.4252248,0.16650453,0.0,1250,411,19,4,3,0.091297752,0.06993007,0.106239914,0.042429656,0.0,7328,36.8,75.5,20.8,54.7,0.548344017,98.8,0.180689103,0.126869658,1.0,LIFEEXPPCT,0.157948718,-1.1267237929026082,4.0,Mean_Proportion_HHIncome,0.372286822,0.4618692279743253,6.0,Mean_Transportation_time(min),42.39880737,0.09356435135922883,,,,,,,3.0,Percent_Bike_Related,0.064516129,1.7244653578354425,Avg_Person_Injured/Kill,2.096774194,1.5264079028836153,Avg_Pedestrian_Injured/Kill,0.096774194,0.3593482384881031,5.0,OZONE,54.95034,0.07051961171413654,PM25,7.176833333,0.03791300299662562,,,,2.0,Chronic_History,411.0,0.5795858902259624,0.0,Child_Dependency_Ratio,54.7,1.3419538270785112,Prop_White,0.548344017,0.8445236389887788,Age_Dependency_Ratio,75.5,0.5128298569516053,,,,,,,,,,,,,,,,,,
51153901010,Less Opportunity,2,PublicHealth,POTOMAC,Dumfries,Montclair,Station 17 - 1st Due,0.180512821,0.050346514,0.058237548,0.0,0.017159199,0.013249083,0.009992862,0.010706638,0.090909091,0.056163535,0.097,0.0,0.077087794,0.044989775,0.0,0.0,0.0,0.848806366,0.205612245,0.837,666055.5656,0.006423983,50.70272354,0.623147777,0.096115338,0.050861033,0.005206247,0.22226672,0.142857143,1.8571428570000001,0.0,0.071428571,0.285714286,0.071428571,0.0,0.142857143,0.0,0.0,0.142857143,0.428571429,0.357142857,0.0,0.071428571,0.0,7.151104372,54.93834,0.151137401,5.838832018,29.21284243,0.0,0.210734162,356.4940379,0.173797749,0.0,1043,278,10,4,1,0.09043981,0.10680799,0.109050143,0.087794433,0.00101916,4765,37.4,59.0,17.5,41.5,0.538949275,109.4,0.186141304,0.127038043,2.0,UNEMPPCT,0.058237548,0.35807656291501994,5.0,House_Vacant_P,0.044989775,0.18193862654273665,3.0,Mean_Transportation_time(min),50.70272354,1.486021957415445,Work_Walk_P,0.005206247,-0.33401215221540015,Work_Carpooled_P,0.096115338,-0.17833651903091496,4.0,Percent_Senior_Related,0.357142857,2.4546752911277077,Percent_Drowsy_Related,0.071428571,2.2366739112938134,Percent_Young_Related,0.428571429,2.2201519178196545,6.0,NO2,5.838832018,0.12026161829979859,OZONE,54.93834,0.053867884628727214,,,,1.0,CPR_Calls,1.0,-0.7489614789647969,0.0,UNDER5PCT,0.10680799,1.3355449200516,Prop_White,0.538949275,0.7945923195348704,E_SNGPNT_P,0.087794433,0.5482711493628789,percent_food_insecure,0.097,0.12466737079254521,,,,,,,,,,Violence_Calls,10.0,-0.7370794939088607,Total_Calls,1043.0,-0.5194638471089028
51153901011,High Opportunity,5,Socioeconomic,NEABSCO,Dale City,Ascot Woods,Station 17 - 1st Due,0.161025641,0.116988972,0.057793345,0.029115934,0.052843602,0.091737254,0.065113817,0.039703547,0.046028448,0.082071324,0.088,0.003064351,0.11011117,0.035240041,0.0,0.0,0.022763367,0.89291993,0.41671875,0.925,870125.5679,0.00847009,50.29197761,0.647376312,0.046476762,0.060869565,0.003598201,0.196401799,0.142857143,1.666666667,0.071428571,0.047619048,0.30952381,0.023809524,0.0,0.285714286,0.047619048,0.0,0.095238095,0.071428571,0.285714286,0.0,0.285714286,0.023809524,7.164756284,55.15872,0.160104358,5.840134244,33.38719093,0.031362847,0.0,1935.718101,0.201523888,0.0,1250,370,22,5,3,0.085816642,0.077033722,0.084065846,0.066701959,0.0,6534,38.6,47.8,14.5,33.3,0.378869853,110.8,0.24917343,0.174180944,1.0,LIFEEXPPCT,0.161025641,-0.9571647106870379,5.0,Mean_Proportion_HHIncome,0.41671875,1.0783608005891774,3.0,Mean_Transportation_time(min),50.29197761,1.4171452632537878,Work_Carpooled_P,0.046476762,-1.1539342194842759,Work_Walk_P,0.003598201,-0.4248256842471254,4.0,Percent_Senior_Related,0.285714286,1.5514611458263345,Percent_Distracted_Related,0.30952381,1.334389054347131,Percent_Speed_Related,0.285714286,0.9425291660587197,6.0,OZONE,55.15872,0.3596768525522659,NO2,5.840134244,0.12149146147539219,,,,2.0,Chronic_History,370.0,0.3133983853029952,0.0,Prop_Black,0.24917343,0.48394600381199593,Sex_Ratio(males per 100 females),110.8,0.43953838464806644,UNDER5PCT,0.077033722,0.3047009436307162,With_SSI_P,0.039703547,0.45035699779695454,UNEMPPCT,0.057793345,0.3432779844331591,,,,,,,,,,,,
51153901012,Exceptional Opportunity,8,PublicHealth,POTOMAC,Dumfries,Four Seasons,Station 23 - 1st Due,0.175384615,0.1830617,0.033117351,0.023255814,0.068707725,0.14380023,0.059363525,0.033659731,0.016647532,0.130144928,0.124,0.028772754,0.215422277,0.040516735,0.085731063,0.0,0.0,0.79137931,0.328874539,0.799,847446.4844,0.006119951,45.56763285,0.607843137,0.098765432,0.023965142,0.0,0.248366013,0.17592592599999998,1.416666666,0.018518519,0.101851852,0.222222222,0.046296296,0.009259259,0.444444444,0.064814815,0.009259259,0.12962963,0.111111111,0.175925926,0.0,0.351851852,0.027777778,7.119189891,55.07797,0.169051405,5.745440728,38.64243346,0.203785448,1.396550406,2786.160893,0.284355968,0.0,2336,651,50,26,7,0.183188406,0.064293915,0.434270953,0.023255814,0.001148106,3668,57.3,127.3,89.8,37.4,0.542327331,82.6,0.229508197,0.108572964,3.0,percent_food_insecure,0.124,0.8128312575673947,5.0,E_HBURD_P,0.215422277,0.15443847184961831,4.0,Work_Walk_P,0.0,-0.6280321483470866,Mean_Transportation_time(min),45.56763285,0.6249347375189368,Work_PublicTransportation_P,0.023965142,-0.2779428066645955,2.0,Percent_Speed_Related,0.444444444,2.607322173732876,Percent_Drowsy_Related,0.046296296,1.1407745195894874,Percent_Lgtruck_Related,0.12962963,1.1153558065687244,6.0,OZONE,55.07797,0.24762460570670064,DSLPM,0.169051405,0.141539221982896,RSEI_AIR,38.64243346,0.054016707935773255,1.0,Opioid_Calls,26.0,3.222209997462681,0.0,OVER64PCT,0.434270953,3.8139821209156866,DISABILITYPCT,0.183188406,3.0666282015715636,Median_Age,57.3,3.034493618632052,E_POV150_P,0.14380023,0.3711140403915849,LIFEEXPPCT,0.175384615,-0.16588899368104618,House_Vacant_P,0.040516735,0.05135637441693894,,,,Chronic_History,651.0,2.137756650750648,CPR_Calls,7.0,1.1217477354631122
51153901013,High Opportunity,6,Socioeconomic,POTOMAC,Dumfries,Forest Park,Station 23 - 1st Due,0.17839493832467535,0.283069573,0.016533637,0.076785714,0.110280374,0.222454464,0.111607143,0.03125,0.057330546,0.270921132,0.067,0.047413793,0.288392857,0.034482759,0.0,0.125862069,0.027678571,0.757539564,0.47559761,0.857,1132619.329,0.032142857,41.86828919,0.692260817,0.088360756,0.045094455,0.0,0.148689823,0.066666667,1.5,0.0,0.066666667,0.116666667,0.033333333,0.016666667,0.4,0.033333333,0.0,0.133333333,0.216666667,0.1,0.016666667,0.333333333,0.033333333,7.060565847,54.89499,0.185124713,5.905947048,38.00409591,0.27172252,3.766458372,3371.522564,0.45607832,0.0,2026,302,30,15,0,0.077363034,0.058524933,0.057629143,0.1625,0.0,3425,33.7,55.8,13.0,42.8,0.188895249,87.9,0.388666285,0.285346308,1.0,With_Medicaid_P,0.270921132,2.033939125139291,4.0,E_MOBILE_P,0.125862069,3.6331508235193826,3.0,PTRAF,1132619.329,0.8239623594643178,Work_Walk_P,0.0,-0.6280321483470866,E_NOVEH_P,0.032142857,0.35135796361837945,6.0,Percent_Speed_Related,0.4,2.1411801341012797,Percent_Lgtruck_Related,0.133333333,1.186137122799978,Percent_Drowsy_Related,0.033333333,0.5755211445414391,5.0,UST,3.766458372,1.5884068943451868,DSLPM,0.185124713,0.6103431229061331,PTSDF,0.27172252,0.30124265073940354,2.0,Opioid_Calls,15.0,1.359916155411149,0.0,E_SNGPNT_P,0.1625,2.24379157733583,Prop_Black,0.388666285,1.6873635501254456,Total_Population,3425.0,-1.1622055650556151,E_POV150_P,0.222454464,1.293737217493323,With_PublicAssIncome_P,0.111607143,1.2530180201213081,Mean_Proportion_HHIncome,0.47559761,1.8953030902681145,E_HBURD_P,0.288392857,0.8038816710720563,Total_Calls,2026.0,0.45782411788258326,,,
51153901014,High Opportunity,5,Socioeconomic,POTOMAC,Dumfries,Old Blacktop Road,Station 3 - 1st Due,0.17839493832467535,0.203454509,0.092933948,0.008492569,0.117399741,0.099538431,0.061571125,0.020523708,0.104956853,0.080250657,0.139,0.125255276,0.202406228,0.038121171,0.061946903,0.0,0.03467799,0.886739218,0.329887821,0.741,883990.7633,0.043878273,33.53732429,0.675583864,0.171974522,0.01910828,0.008917197,0.124416136,0.113772455,1.736526946,0.035928144,0.05988024,0.19760479,0.017964072,0.023952096,0.293413174,0.053892216,0.017964072,0.113772455,0.155688623,0.167664671,0.005988024,0.293413174,0.011976048,7.093647814,54.45186,0.159426034,4.785313936,32.01979424,0.28546388,1.633868942,3670.781811,1.139751735,0.0,1754,382,28,9,1,0.099252072,0.089303632,0.089504315,0.0502477,0.004214329,5083,36.7,46.8,11.8,35.0,0.368368117,131.5,0.305003772,0.18556701,1.0,UNEMPPCT,0.092933948,1.5139836559288908,4.0,PRE1960PCT,0.125255276,0.766427333454897,2.0,E_NOVEH_P,0.043878273,0.843073368425201,Work_PublicTransportation_P,0.01910828,-0.5118645870737734,Work_Fromhome_P,0.124416136,-0.3235948649955636,6.0,Percent_Speed_Related,0.293413174,1.0232766123585368,Percent_Lgtruck_Related,0.113772455,0.8123099850734998,Percent_Drug_Related,0.023952096,0.5100129869274447,3.0,PNPL,1.139751735,0.44376204932107244,PTSDF,0.28546388,0.35925585106753816,PWDIS,3670.781811,0.2047600535775054,5.0,Chronic_History,382.0,0.3913069233292295,0.0,Sex_Ratio(males per 100 females),131.5,1.5327301042820956,Prop_Black,0.305003772,0.9655994417567619,UNDER5PCT,0.089303632,0.7295094667059555,percent_food_insecure,0.139,1.1951445279978672,LOWINCPCT,0.203454509,0.23367501545504107,E_CROWD_P,0.03467799,0.06207171554522186,E_HBURD_P,0.202406228,0.038594737240464666,Opioid_Calls,9.0,0.34411951429213106,Total_Calls,1754.0,0.18740466063163289
51153901015,Moderate Opportunity,4,PublicHealth,WOODBRIDGE,Dumfries,Princeton Woods,Station 23 - 1st Due,0.17839493832467535,0.241857831,0.057268722,0.023333333,0.074952562,0.158101657,0.044166667,0.0,0.065431059,0.099774521,0.129,0.0,0.384166667,0.0,0.406666667,0.0,0.081666667,0.429817159,0.335129604,0.406,1107827.185,0.0,45.90750436,0.749742002,0.136738906,0.0,0.0,0.113519092,0.049180328,1.573770492,0.06557377,0.049180328,0.147540984,0.0,0.0,0.245901639,0.06557377,0.0,0.032786885,0.278688525,0.147540984,0.0,0.262295082,0.0,7.082437705,55.07443,0.155425998,6.238691324,43.40777377,0.24545199,4.410326657,3620.090821,0.362892957,0.0,1008,226,17,3,2,0.047632469,0.123560798,0.030609379,0.1525,0.00168492,3561,29.3,58.4,7.5,50.9,0.118894257,69.2,0.540526033,0.192431562,4.0,percent_food_insecure,0.129,0.9402690143775522,3.0,E_MUNIT_P,0.406666667,1.7172504977726883,5.0,Work_PublicTransportation_P,0.0,-1.4321795719667114,Work_Drivealone_P,0.749742002,1.015249790187621,PTRAF,1107827.185,0.763314523130534,2.0,Percent_Young_Related,0.278688525,0.6907384011011013,Percent_Speed_Related,0.245901639,0.5249663211795542,Percent_Hitrun_Related,0.06557377,0.1044156804130611,6.0,UST,4.410326657,2.0307793852695557,NO2,6.238691324,0.49789517705358677,OZONE,55.07443,0.2427123462165037,1.0,Opioid_Calls,3.0,-0.6716771268268868,0.0,Prop_Black,0.540526033,2.9974714070614787,E_SNGPNT_P,0.1525,2.016831191910611,UNDER5PCT,0.123560798,1.9155602277305526,LOWINCPCT,0.241857831,0.5556585495206692,E_POV150_P,0.158101657,0.5388714177735652,E_HBURD_P,0.384166667,1.6562751914212426,percent_homeowners,0.406,-1.4753110658391235,Chronic_History,226.0,-0.6215040710118164,Total_Calls,1008.0,-0.5542604684463412
51153901016,High Opportunity,6,PublicHealth,NEABSCO,Dumfries,Eagles Pointe,Station 23 - 1st Due,0.17839493832467535,0.171460801,0.097899475,0.032911392,0.084984985,0.115696389,0.05,0.079746835,0.049557848,0.155233315,0.108,0.003638569,0.236708861,0.041843542,0.16616131,0.0,0.008860759,0.733222714,0.36083815,0.712,1030613.53,0.017088608,43.58276367,0.588984792,0.212083847,0.020961776,0.0189067,0.159062885,0.068181818,1.954545455,0.079545455,0.034090909,0.238636364,0.034090909,0.022727273,0.181818182,0.079545455,0.045454545,0.090909091,0.159090909,0.170454546,0.0,0.238636364,0.0,7.117392077,55.20171,0.182967272,6.116978077,46.09943735,0.20415516,2.229885919,3123.932807,0.293537733,0.0,2072,353,47,6,5,0.110801264,0.06779661,0.06779661,0.036708861,0.00073692,6020,32.7,62.2,8.8,53.4,0.149264706,102.3,0.394669118,0.225,2.0,With_SSI_P,0.079746835,2.353220958709967,6.0,E_HBURD_P,0.236708861,0.3438905388809775,3.0,PTRAF,1030613.53,0.5744304511772056,Work_PublicTransportation_P,0.020961776,-0.42259437838732306,Mean_Transportation_time(min),43.58276367,0.29209826251902477,4.0,Avg_Person_Injured/Kill,1.954545455,0.9952079496942057,Percent_Drowsy_Related,0.034090909,0.6085554431701864,Percent_Schoolzone_Related,0.045454545,0.5406076089052967,5.0,DSLPM,0.182967272,0.547417883321865,UST,2.229885919,0.5326981424855122,OZONE,55.20171,0.4193316648357371,1.0,Total_Calls,2072.0,0.503556820211788,0.0,Prop_Black,0.394669118,1.7391505363462767,Child_Dependency_Ratio,53.4,1.2000836973882518,DISABILITYPCT,0.110801264,0.8370876093751045,UNEMPPCT,0.097899475,1.6794096909023142,With_Medicaid_P,0.155233315,0.481627187303865,Mean_Proportion_HHIncome,0.36083815,0.30301927202301887,E_MUNIT_P,0.16616131,0.26679980956203764,CPR_Calls,5.0,0.4981779973204759,Violence_Calls,47.0,0.4797093505459221
51153901101,Less Opportunity,1,PublicHealth,POTOMAC,Dumfries,Chamberlain Village,Station 3 - 1st Due,0.17839493832467535,0.371239912,0.064891847,0.037606838,0.053705693,0.125327511,0.116239316,0.022222222,0.044104803,0.101200686,0.0,0.427312775,0.28034188,0.140969163,0.160058737,0.022026432,0.030769231,0.134996332,0.320644391,0.079,205287.0109,0.083760684,17.55610561,0.690883191,0.113960114,0.028490028,0.022792023,0.086894587,0.0,0.0,0.0,0.0,0.0,0.0,0.0,0.0,0.0,0.0,0.0,0.0,0.0,0.0,0.0,0.0,6.94197459,54.77903,0.101699777,4.605097512,614.1145394,1.7593463,0.0,8808.165426,11.19244556,0.0,131,2,5,0,0,0.073756432,0.056768559,0.022270742,0.020512821,0.404803493,2474,23.2,23.8,2.3,21.6,0.55362848,181.5,0.121862163,0.18986764,5.0,LOWINCPCT,0.371239912,1.640431884628121,6.0,PRE1960PCT,0.427312775,4.059439486481986,4.0,E_NOVEH_P,0.083760684,2.5141514000464937,Work_Fromhome_P,0.086894587,-0.8412020822994751,Work_Drivealone_P,0.690883191,0.06338559912865568,2.0,Avg_Person_Injured/Kill,0.0,-6.304684192375438,Percent_Night_Related,0.0,-3.341122027504928,Percent_Distracted_Related,0.0,-2.781545172801671,3.0,RSEI_AIR,614.1145394,9.19958929028516,PTSDF,1.7593463,6.581684787619375,PNPL,11.19244556,6.509758513552101,1.0,Chronic_History,2.0,-2.0757967808348563,0.0,E_GROUPQ_P,0.404803493,7.923021308508718,Sex_Ratio(males per 100 females),181.5,4.173289813543035,Total_Population,2474.0,-1.7620208683904972,With_PublicAssIncome_P,0.116239316,1.3620673354809587,UNEMPPCT,0.064891847,0.5797638680283779,House_Vacant_P,0.140969163,2.9838819676923247,percent_homeowners,0.079,-2.891270807574781,Total_Calls,131.0,-1.4261643802444424,Opioid_Calls,0.0,-1.1795754473863957
51153901102,Less Opportunity,1,PublicHealth,POTOMAC,Dumfries,Quantico,Station 3 - 1st Due,0.17839493832467535,0.292105263,0.102222222,0.0,0.0,0.1669627,0.037712895,0.018248175,0.006808763,0.038987342,0.0,0.009009009,0.425790754,0.074324324,0.081081081,0.0,0.027980535,0.014958863,0.407618343,0.01,431302.0148,0.035279805,15.07484168,0.80361991,0.076923077,0.0,0.061538462,0.021719457,0.166666667,1.6754385969999999,0.026315790000000002,0.043859649,0.342105263,0.078947368,0.026315789,0.456140351,0.078947368,0.0,0.175438597,0.157894737,0.210526316,0.0,0.210526316,0.00877193,6.959277596,54.61496,0.153393294,5.111573798,51.72197596,1.042302667,0.397932322,4855.608539,11.12488073,0.0,303,29,0,0,1,0.041012658,0.174067496,0.0,0.081508516,0.208407342,3347,22.7,47.1,0.0,47.1,0.593845301,145.4,0.090379817,0.197671195,2.0,UNEMPPCT,0.102222222,1.8234215745157274,6.0,Owner_occupied_P,0.014958863,-3.3575163162655244,3.0,Work_Drivealone_P,0.80361991,1.8865628602795292,Work_Fromhome_P,0.021719457,-1.7402885692864778,Work_PublicTransportation_P,0.0,-1.4321795719667114,4.0,Percent_Speed_Related,0.456140351,2.7299911387067985,Percent_Drowsy_Related,0.078947368,2.564533011142447,Percent_Lgtruck_Related,0.175438597,1.990809097357445,5.0,PNPL,11.12488073,6.468988544126879,PTSDF,1.042302667,3.5544738037544237,PWDIS,4855.608539,0.5162154871058472,1.0,Chronic_History,29.0,-1.9005025702758294,0.0,E_GROUPQ_P,0.208407342,3.975763790310614,UNDER5PCT,0.174067496,3.6642018871059796,Sex_Ratio(males per 100 females),145.4,2.266805703456637,LOWINCPCT,0.292105263,0.9769462113818577,E_POV150_P,0.1669627,0.6428124674708403,percent_homeowners,0.01,-3.1900513035373503,E_HBURD_P,0.425790754,2.026732439068076,Total_Calls,303.0,-1.255163841100459,Opioid_Calls,0.0,-1.1795754473863957
51153901203,High Opportunity,5,Socioeconomic,NEABSCO,Dale City,Glendale,Station 13 - 1st Due,0.135384615,0.155825792,0.044046467,0.058479532,0.158047166,0.116233032,0.075292398,0.033625731,0.188631222,0.155719139,0.102,0.023391813,0.288011696,0.0,0.0,0.016081871,0.054093567,0.835124434,0.322125,0.841,968215.7395,0.127923977,46.83169746,0.709331974,0.122386538,0.022437532,0.010708822,0.116777155,0.135135136,1.756756757,0.135135135,0.094594595,0.175675676,0.013513514,0.013513514,0.162162162,0.108108108,0.0,0.094594595,0.135135135,0.189189189,0.0,0.27027027,0.0,7.229948634,55.31073,0.17039332,6.24538736,31.81500104,0.047801894,3.065237532,41.57863842,0.106248356,0.0,1399,335,24,4,5,0.07389581,0.070984163,0.144230769,0.05628655,0.0,3835,33.0,56.3,21.4,34.9,0.242461999,131.7,0.171941191,0.430600548,1.0,LIFEEXPPCT,0.135384615,-2.3701571175901543,6.0,E_HBURD_P,0.288011696,0.8004893118601817,3.0,E_NOVEH_P,0.127923977,4.364598925306549,Mean_Transportation_time(min),46.83169746,0.8369017594284296,Work_Fromhome_P,0.116777155,-0.42897408850383223,2.0,Percent_Hitrun_Related,0.108108108,0.8640540285937421,Avg_Pedestrian_Injured/Kill,0.135135135,0.842244858896037,Percent_Lgtruck_Related,0.094594595,0.44580268864646255,4.0,UST,3.065237532,1.1066300823705464,PM25,7.229948634,0.5942079921442917,OZONE,55.31073,0.5706126054066765,5.0,CPR_Calls,5.0,0.4981779973204759,0.0,Sex_Ratio(males per 100 females),131.7,1.5432923431191388,Prop_Hisp,0.430600548,1.153038258423545,Total_Population,3835.0,-0.9036101135652874,E_UNINSUR_P,0.188631222,1.1269048895755918,LESSHSPCT,0.158047166,0.7191403451081615,E_CROWD_P,0.054093567,0.6346891782215289,E_MOBILE_P,0.016081871,0.1595728763410884,Chronic_History,335.0,0.08616514939314517,,,
51153901208,High Opportunity,5,PublicHealth,OCCOQUAN,Dale City,Lake Ridge,Station 2 - 1st Due,0.154871795,0.201205511,0.07256894,0.07756654,0.100823045,0.18897414,0.037262357,0.029657795,0.080136402,0.13225992,0.099,0.0,0.211406844,0.009042954,0.109269028,0.031650339,0.009125475,0.869115959,0.472342995,0.819,1256752.809,0.028897338,41.2677305,0.71914557,0.111550633,0.050632911,0.011075949,0.107594937,0.21212121299999998,2.090909091,0.03030303,0.090909091,0.333333333,0.03030303,0.0,0.121212121,0.03030303,0.0,0.060606061,0.151515152,0.272727273,0.03030303,0.363636364,0.0,7.274329508,55.95513,0.250528148,6.418285937,39.15522592,0.315052738,1.406666688,114.7505405,0.0,0.22466342,1813,320,13,5,4,0.127372053,0.033248082,0.282182438,0.031178707,0.009946007,3379,44.6,108.3,60.6,47.7,0.510269576,90.7,0.144736842,0.215982028,2.0,LIFEEXPPCT,0.154871795,-1.2962828751181767,3.0,Mean_Proportion_HHIncome,0.472342995,1.8501454117715637,6.0,PTRAF,1256752.809,1.127624155660043,Work_Fromhome_P,0.107594937,-0.5556421614999093,Work_Drivealone_P,0.71914557,0.5204445520225044,5.0,Percent_Distracted_Related,0.333333333,1.6509993682605797,Avg_Person_Injured/Kill,2.090909091,1.5045027488271547,Percent_Senior_Related,0.272727273,1.3872403909856306,4.0,DSLPM,0.250528148,2.517939584180898,OZONE,55.95513,1.4648103498931198,PM25,7.274329508,1.0590242947045236,1.0,Total_Calls,1813.0,0.24606182231474344,0.0,OVER64PCT,0.282182438,2.035428016697633,Age_Dependency_Ratio,108.3,1.7922968898884917,Old-age_Dependency_Ratio,60.6,1.6193007012814027,E_POV150_P,0.18897414,0.9010091807639137,UNEMPPCT,0.07256894,0.8355254528736971,E_MOBILE_P,0.031650339,0.6521779918479028,E_HBURD_P,0.211406844,0.11870084096079515,CPR_Calls,4.0,0.18639312824915769,,,
51153901209,High Opportunity,6,PublicHealth,OCCOQUAN,Dale City,Lake Ridge,Station 14 - 1st Due,0.144615385,0.195200245,0.058183955,0.020875764,0.095331215,0.1535649,0.044297352,0.039205703,0.083333333,0.149034749,0.127,0.008508509,0.140529532,0.017017017,0.051551552,0.0,0.031568228,0.799055454,0.258674863,0.777,1209274.112,0.064663951,39.47341338,0.707212714,0.122555012,0.043398533,0.010391198,0.10910758,0.098765432,1.6790123460000002,0.111111111,0.0,0.160493827,0.037037037,0.012345679,0.098765432,0.049382716,0.0,0.012345679,0.172839506,0.12345679,0.024691358,0.271604938,0.012345679,7.245725137,55.66317,0.199946451,6.790895117,35.09796606,0.168614759,1.992966948,50.58751628,0.0,0.070241215,2187,376,21,10,3,0.059459459,0.070688605,0.131627057,0.058553971,0.0,6605,37.4,72.9,25.7,47.3,0.348081264,93.7,0.162227239,0.292400301,3.0,LIFEEXPPCT,0.144615385,-1.861479815836742,6.0,Mean_Proportion_HHIncome,0.258674863,-1.1144930507853112,4.0,E_NOVEH_P,0.064663951,1.7139958880831525,PTRAF,1209274.112,1.0114792895686988,Work_Fromhome_P,0.10910758,-0.534775354161965,2.0,Percent_Drowsy_Related,0.037037037,0.7370221212995273,Avg_Pedestrian_Injured/Kill,0.111111111,0.5398247488627849,Percent_Bike_Related,0.024691358,0.19791288550862834,5.0,OZONE,55.66317,1.0596738299051318,DSLPM,0.199946451,1.0426429701349784,NO2,6.790895117,1.0194053191932564,1.0,Total_Calls,2187.0,0.6178885760348002,0.0,Child_Dependency_Ratio,47.3,0.53438539653396,Age_Dependency_Ratio,72.9,0.41140868970660843,OVER64PCT,0.131627057,0.27480269407111807,percent_food_insecure,0.127,0.8892939116534893,E_POV150_P,0.1535649,0.48565473833735645,House_Vacant_P,0.017017017,-0.6346750719285317,E_HBURD_P,0.140529532,-0.5121121285615369,Opioid_Calls,10.0,0.5134189544786341,Chronic_History,376.0,0.35235265431611235
51153901211,High Opportunity,6,Socioeconomic,OCCOQUAN,Dale City,Hillendale,Station 13 - 1st Due,0.209230769,0.220158598,0.024604569,0.0808,0.230645161,0.176961603,0.0776,0.064,0.218071786,0.187604341,0.083,0.056501548,0.168,0.03250774,0.0,0.0,0.1,0.91250783,0.452696078,0.88,900048.5228,0.0264,43.33806242,0.640997433,0.225889256,0.006967363,0.01210121,0.095342868,0.070422535,1.774647887,0.070422535,0.028169014,0.267605634,0.0,0.042253521,0.126760563,0.014084507,0.0,0.056338028,0.253521127,0.098591549,0.014084507,0.225352113,0.0,7.252120492,55.28797,0.163261273,6.37265802,30.33520275,0.0,3.528667488,46.7637034,0.104813102,0.0,1163,388,32,11,2,0.076794658,0.025250417,0.074707846,0.1008,0.000626043,4757,35.2,53.4,15.5,37.9,0.214852973,94.3,0.132002576,0.514917364,1.0,LESSHSPCT,0.230645161,1.6667960933699375,6.0,E_CROWD_P,0.1,1.9885930660627138,4.0,Work_PublicTransportation_P,0.006967363,-1.0966094121151382,Work_Fromhome_P,0.095342868,-0.7246586203168287,PTRAF,900048.5228,0.25503551754077003,3.0,Percent_Drug_Related,0.042253521,1.432311572378822,Percent_Distracted_Related,0.267605634,0.7769765071894581,Percent_Young_Related,0.253521127,0.43392886742783127,5.0,UST,3.528667488,1.4250316386837152,PM25,7.252120492,0.8264215591067312,NO2,6.37265802,0.6244154790844385,2.0,Opioid_Calls,11.0,0.682718394665137,0.0,Prop_Hisp,0.514917364,1.7056013519531246,E_SNGPNT_P,0.1008,0.8434459992622296,Total_Population,4757.0,-0.3220857080187457,With_SSI_P,0.064,1.6049286401585119,E_UNINSUR_P,0.218071786,1.5076762334281917,Mean_Proportion_HHIncome,0.452696078,1.577545070000136,PRE1960PCT,0.056501548,0.016878447499515278,Chronic_History,388.0,0.4302611923423466,,,
51153901212,Exceptional Opportunity,7,PublicHealth,OCCOQUAN,Dale City,Kerrydale,Station 26 - 1st Due,0.172307692,0.209406791,0.07133059,0.060873606,0.208743169,0.145329634,0.045539033,0.039498141,0.121152068,0.178656756,0.099,0.035418583,0.210037175,0.010119595,0.065777369,0.010119595,0.06830855,0.783458845,0.338495575,0.823,762705.9109,0.012546468,45.36774299,0.769114991,0.085490668,0.033112583,0.0,0.077062011,0.09999999999999999,1.6666666669999999,0.0,0.083333333,0.316666667,0.05,0.033333333,0.25,0.05,0.016666667,0.016666667,0.266666667,0.216666667,0.033333333,0.316666667,0.0,7.248395902,55.12448,0.142895463,6.351480336,28.80468244,0.0,1.509213214,48.04950574,0.115441776,0.0,1937,578,36,10,1,0.106450757,0.082573656,0.105694279,0.116171004,0.0,7299,34.8,60.7,14.6,46.1,0.21559288,99.3,0.290674354,0.292303836,2.0,LESSHSPCT,0.208743169,1.380899098319545,6.0,E_CROWD_P,0.06830855,1.053927169317381,3.0,Work_Drivealone_P,0.769114991,1.3285496035813928,Work_Fromhome_P,0.077062011,-0.9768417996866551,Work_Walk_P,0.0,-0.6280321483470866,5.0,Percent_Distracted_Related,0.316666667,1.429372149850929,Percent_Drowsy_Related,0.05,1.3022754963475756,Percent_Drug_Related,0.033333333,0.982779540072029,4.0,PM25,7.248395902,0.7874126348491144,NO2,6.351480336,0.6044149337549187,OZONE,55.12448,0.3121639246018941,1.0,Chronic_History,578.0,1.6638130444243897,0.0,E_SNGPNT_P,0.116171004,1.1923068984834875,Prop_Black,0.290674354,0.8419782494766286,DISABILITYPCT,0.106450757,0.7030909949883278,With_Medicaid_P,0.178656756,0.795925512161043,UNEMPPCT,0.07133059,0.7942699465781238,E_HBURD_P,0.210037175,0.10651069231135576,,,,Opioid_Calls,10.0,0.5134189544786341,Total_Calls,1937.0,0.3693412807673826
51153901219,Moderate Opportunity,3,Socioeconomic,COLES,Manassas,Ridgedale,Station 26 - 1st Due,0.177435897,0.017172086,0.041395826,0.01172871,0.02247191,0.012015292,0.033146354,0.00917899,0.026215183,0.026465723,0.061,0.013923421,0.048444671,0.024863252,0.00298359,0.0,0.0,0.963954123,0.223888889,0.991,515819.3126,0.0,45.93677359,0.654092527,0.056227758,0.029893238,0.014590747,0.234519573,0.256097561,2.182926829,0.06097561,0.134146342,0.231707317,0.048780488,0.012195122,0.146341463,0.048780488,0.0,0.085365854,0.182926829,0.109756098,0.0,0.341463415,0.024390244,7.292614208,55.12664,0.147216262,3.99017824,24.07226512,0.033834704,0.536925088,118.8201122,0.103988175,0.0,1551,436,17,5,2,0.052931446,0.036045877,0.189695977,0.0,0.0,5376,49.8,62.7,32.6,30.1,0.685800071,92.6,0.090604027,0.095196044,1.0,LIFEEXPPCT,0.177435897,-0.05284960553733219,5.0,Mean_Proportion_HHIncome,0.223888889,-1.597147321745584,4.0,Work_Carpooled_P,0.056227758,-0.9622879225653247,Mean_Transportation_time(min),45.93677359,0.6868347881209912,,,,3.0,Avg_Person_Injured/Kill,2.182926829,1.8481732226137177,Percent_Severe/Fatal,0.256097561,1.6017662602386784,Percent_Drowsy_Related,0.048780488,1.2490983582263298,6.0,PM25,7.292614208,1.250526306301298,OZONE,55.12664,0.31516123547727254,,,,2.0,Chronic_History,436.0,0.7418953444472838,0.0,Median_Age,49.8,1.9125943543893706,Prop_White,0.685800071,1.57507719151291,OVER64PCT,0.189695977,0.9538724844067641,,,,,,,E_HBURD_P,0.048444671,-1.3316737481593737,percent_homeowners,0.991,1.0578279216696205,,,,,,
51153901221,Moderate Opportunity,4,PublicHealth,OCCOQUAN,Dale City,Woodbridge,Station 14 - 1st Due,0.174358974,0.182508916,0.051043429,0.014667817,0.028921795,0.137230578,0.079378775,0.018119068,0.070243449,0.184277128,0.093,0.0,0.312338223,0.024,0.301473684,0.0,0.008196721,0.643200496,0.358975713,0.574,771008.2901,0.026315789,42.57573316,0.664371773,0.19535284,0.017211704,0.004876649,0.109868044,0.115384615,1.769230769,0.076923077,0.153846154,0.115384615,0.038461538,0.0,0.115384615,0.153846154,0.0,0.0,0.307692308,0.038461538,0.115384615,0.384615385,0.0,7.300849727,55.71293,0.1750197,5.473842873,31.83791702,0.148232588,2.374604335,79.71700393,0.0,0.026145139,1348,326,30,7,1,0.03369187,0.06977826,0.100325632,0.086712683,0.0,6410,34.3,49.8,16.5,33.3,0.434821112,78.6,0.235033652,0.172157279,2.0,With_Medicaid_P,0.184277128,0.8713402859628168,3.0,E_MUNIT_P,0.301473684,1.0828478528982075,5.0,Work_PublicTransportation_P,0.017211704,-0.603209664327629,Work_Fromhome_P,0.109868044,-0.524284804987148,Work_Walk_P,0.004876649,-0.3526260218003452,6.0,Percent_Bike_Related,0.115384615,3.6743425603138173,Percent_Hitrun_Related,0.153846154,1.6809087240271594,Percent_Alcohol_Related,0.153846154,1.3249020139541627,4.0,PM25,7.300849727,1.3367797561825394,OZONE,55.71293,1.1287229915526253,UST,2.374604335,0.632127556326806,1.0,Chronic_History,326.0,0.02773374587346945,0.0,E_SNGPNT_P,0.086712683,0.5237197096695058,Prop_Black,0.235033652,0.36196085305874126,Prop_White,0.434821112,0.24117035532322623,With_PublicAssIncome_P,0.079378775,0.49430683520682517,E_POV150_P,0.137230578,0.2940512696742094,E_HBURD_P,0.312338223,1.0169970814414435,percent_homeowners,0.574,-0.7478455104519973,Opioid_Calls,7.0,0.005520633919125084,,,
51153901222,Less Opportunity,2,PublicHealth,OCCOQUAN,Dale City,Woodbridge,Station 14 - 1st Due,0.174358974,0.150533537,0.053362573,0.004405286,0.103033772,0.062118902,0.015418502,0.005506608,0.087652439,0.08218126,0.099,0.0,0.237885463,0.017316017,0.010822511,0.0,0.0,0.81814716,0.318277311,0.855,762272.3852,0.033039648,43.04654142,0.787022901,0.071755725,0.026717557,0.0,0.10610687,0.0,1.75,0.25,0.25,0.25,0.0,0.0,0.25,0.25,0.0,0.0,0.0,0.0,0.0,0.5,0.0,7.318130874,55.95173,0.171749692,4.780141909,33.81133575,0.242340302,0.0,87.4659339,0.0,0.157746665,585,122,9,2,0,0.116743472,0.053734756,0.130335366,0.109030837,0.000381098,2553,38.6,55.1,18.4,36.7,0.533911078,109.4,0.161266014,0.162396383,2.0,LIFEEXPPCT,0.174358974,-0.2224086877529024,6.0,E_HBURD_P,0.237885463,0.3543623779028342,4.0,Work_Drivealone_P,0.787022901,1.61815617184365,Work_Carpooled_P,0.071755725,-0.6571009063641412,Work_Walk_P,0.0,-0.6280321483470866,3.0,Percent_Hitrun_Related,0.25,3.3981600597987325,Percent_Alcohol_Related,0.25,3.1309818957901707,Percent_Night_Related,0.5,2.409683883832875,5.0,PM25,7.318130874,1.517771208774032,OZONE,55.95173,1.460092360552255,PRMP,0.157746665,0.37042816808096435,1.0,Chronic_History,122.0,-1.2967114005725136,0.0,Total_Population,2553.0,-1.7121939399326047,E_SNGPNT_P,0.109030837,1.0302533930514448,DISABILITYPCT,0.116743472,1.020108979983638,UNEMPPCT,0.053362573,0.1956672587576638,percent_food_insecure,0.099,0.1756424735166082,,,,,,,CPR_Calls,0.0,-1.0607463480361152,Total_Calls,585.0,-0.9748024920388119
51153901223,Moderate Opportunity,4,Socioeconomic,OCCOQUAN,Dale City,Lake Ridge,Station 14 - 1st Due,0.154871795,0.153278689,0.03799606,0.048724954,0.080831955,0.076364223,0.054189435,0.022313297,0.101549887,0.071324127,0.091,0.0,0.227686703,0.0,0.0,0.006830601,0.015027322,0.854536648,0.311103723,0.799,950962.4761,0.032331512,44.01882221,0.686746988,0.058771672,0.035263003,0.0,0.211578019,0.242424242,1.696969697,0.333333333,0.0,0.181818182,0.0,0.0,0.151515152,0.090909091,0.333333333,0.0,0.242424242,0.151515152,0.0,0.363636364,0.0,7.295777869,55.87334,0.178840553,5.429053165,33.29280021,0.253351136,1.054549243,80.49551526,0.0,0.162416641,1356,390,19,6,2,0.088383428,0.066515983,0.129157249,0.116575592,0.0,6300,38.2,67.3,29.0,38.3,0.43131179,97.6,0.1798731,0.235502435,1.0,LIFEEXPPCT,0.154871795,-1.2962828751181767,6.0,E_HBURD_P,0.227686703,0.2635927098735842,4.0,Work_Carpooled_P,0.058771672,-0.9122897790136019,Work_Walk_P,0.0,-0.6280321483470866,PTRAF,950962.4761,0.37958388684857686,3.0,Percent_Schoolzone_Related,0.333333333,6.857377566968071,Avg_Pedestrian_Injured/Kill,0.333333333,3.337210766670368,Percent_Severe/Fatal,0.242424242,1.4180051555226205,5.0,OZONE,55.87334,1.3513149533668243,PM25,7.295777869,1.2836604263858675,DSLPM,0.178840553,0.4270554809331329,2.0,Chronic_History,390.0,0.44324594868005235,0.0,E_SNGPNT_P,0.116575592,1.2014894433253296,Old-age_Dependency_Ratio,29.0,0.3603738684297971,OVER64PCT,0.129157249,0.24592025574215834,E_UNINSUR_P,0.101549887,0.0006330915071710265,,,,,,,,,,,,,,,
51153901224,High Opportunity,5,Socioeconomic,OCCOQUAN,Dale City,Lake Ridge,Station 14 - 1st Due,0.206153846,0.110383536,0.066206897,0.049192364,0.059234731,0.060570627,0.040381791,0.034508076,0.065247895,0.071800948,0.065,0.004405286,0.116005874,0.0,0.0,0.0,0.013215859,0.903180543,0.191025641,0.956,1003681.328,0.010279001,44.67480871,0.722361181,0.111555778,0.016008004,0.0,0.150075038,0.163636363,1.727272727,0.090909091,0.127272727,0.272727273,0.018181818,0.0,0.090909091,0.054545455,0.145454546,0.0,0.254545455,0.181818182,0.036363636,0.236363636,0.018181818,7.26347541,55.69505,0.175484462,5.998653867,32.67403892,0.17945751,1.998385593,58.0515122,0.0,0.047319044,1123,304,26,8,6,0.1007109,0.047942002,0.170252572,0.022760646,0.0,4352,38.7,72.6,29.3,43.4,0.493384167,93.5,0.115945279,0.253195784,1.0,UNEMPPCT,0.066206897,0.623574627146554,3.0,Mean_Proportion_HHIncome,0.191025641,-2.053123831267113,4.0,Work_PublicTransportation_P,0.016008004,-0.6611836498101336,Work_Walk_P,0.0,-0.6280321483470866,Work_Drivealone_P,0.722361181,0.5724473857745371,6.0,Percent_Schoolzone_Related,0.145454546,2.734854036408831,Percent_Distracted_Related,0.272727273,0.8450821862297886,Percent_Alcohol_Related,0.127272727,0.8257672014357139,5.0,OZONE,55.69505,1.103911918195369,PM25,7.26347541,0.9453455577786453,UST,1.998385593,0.3736448419142259,2.0,CPR_Calls,6.0,0.809962866391794,0.0,OVER64PCT,0.170252572,0.7264973419594609,Total_Population,4352.0,-0.5775275564421182,Prop_White,0.493384167,0.5524221818663925,With_SSI_P,0.034508076,0.20346731866099832,,,,House_Vacant_P,0.0,-1.1314558752128714,percent_homeowners,0.956,0.9062725976306356,Opioid_Calls,8.0,0.17482007410562805,,,
51153901225,Moderate Opportunity,4,Socioeconomic,OCCOQUAN,Dale City,County Center,Station 14 - 1st Due,0.21025641,0.061681113,0.046142754,0.046933667,0.096996997,0.032453134,0.03379224,0.040050063,0.077806894,0.129846527,0.082,0.007936508,0.118898623,0.094104308,0.097505669,0.046485261,0.03379224,0.913350838,0.369803371,0.918,997616.3484,0.038172716,37.98204361,0.71358305,0.105940219,0.02005297,0.0,0.11502081,0.043478261000000004,1.753623189,0.028985507,0.057971014,0.275362319,0.0,0.0,0.15942029,0.028985507,0.0,0.043478261,0.202898551,0.231884058,0.043478261,0.260869565,0.0,7.253598361,55.42487,0.174726004,6.267702966,31.78746501,0.106076174,2.900831599,50.01805552,0.0,0.0,1709,280,23,4,4,0.110258481,0.06853457,0.131223544,0.038798498,0.002015723,4968,37.7,73.3,20.1,53.2,0.336615385,103.1,0.231589744,0.240820513,1.0,With_SSI_P,0.040050063,0.4668234979574741,6.0,House_Vacant_P,0.094104308,1.615747922065872,5.0,Work_Walk_P,0.0,-0.6280321483470866,E_NOVEH_P,0.038172716,0.6040098132940158,PTRAF,997616.3484,0.49371102371853337,3.0,Percent_Bike_Related,0.043478261,0.9180474274502264,Percent_Distracted_Related,0.275362319,0.8801220625530726,Percent_Senior_Related,0.231884058,0.8707780145006631,4.0,UST,2.900831599,0.9936742747957797,PM25,7.253598361,0.8418997942637978,OZONE,55.42487,0.7289982828673874,2.0,CPR_Calls,4.0,0.18639312824915769,0.0,Child_Dependency_Ratio,53.2,1.178257523589751,DISABILITYPCT,0.110258481,0.8203697683633105,Age_Dependency_Ratio,73.3,0.4270119462058384,With_Medicaid_P,0.129846527,0.140984455012554,,,,E_MOBILE_P,0.046485261,1.1215728266733065,Mean_Proportion_HHIncome,0.369803371,0.42741142518661046,Total_Calls,1709.0,0.1426661474834977,,,
51153901226,Moderate Opportunity,3,Socioeconomic,NEABSCO,Dale City,County Center,Station 18 - 1st Due,0.180512821,0.088032581,0.031372549,0.022650057,0.089862271,0.058427318,0.07191393,0.025481314,0.065162907,0.082782499,0.069,0.007311586,0.103624009,0.006749156,0.0,0.0,0.035107588,0.94235589,0.412218045,0.934,606711.6747,0.0,40.43246445,0.76880787,0.050347222,0.02662037,0.0,0.14525463,0.0625,1.708333333,0.083333333,0.125,0.1875,0.0,0.020833333,0.145833333,0.041666667,0.020833333,0.0,0.270833333,0.166666667,0.020833333,0.333333333,0.0,7.235578142,54.9336,0.135344865,5.762226532,26.69661762,0.0,2.19394247,52.61013047,0.138982299,0.0,1370,370,29,5,3,0.084985836,0.081453634,0.108709273,0.071347678,0.0,6355,35.2,56.9,15.7,41.2,0.255949567,103.4,0.253270292,0.250906225,1.0,With_PublicAssIncome_P,0.07191393,0.3185715514607493,3.0,Mean_Proportion_HHIncome,0.412218045,1.0159136634015775,5.0,Work_Drivealone_P,0.76880787,1.3235828453806149,Work_Carpooled_P,0.050347222,-1.0778641107104723,Work_Walk_P,0.0,-0.6280321483470866,4.0,Percent_Alcohol_Related,0.125,0.783078045646714,Percent_Young_Related,0.270833333,0.610583583569547,Percent_Night_Related,0.333333333,0.4927485762197369,6.0,PM25,7.235578142,0.6531677840085286,UST,2.19394247,0.5080030403396704,NO2,5.762226532,0.04791416542285222,2.0,Chronic_History,370.0,0.3133983853029952,0.0,Prop_Black,0.253270292,0.5192900048766012,UNDER5PCT,0.081453634,0.4577270284872903,E_SNGPNT_P,0.071347678,0.17499496398346417,,,,,,,E_CROWD_P,0.035107588,0.07474171328625309,,,,,,,,,
51153901227,High Opportunity,6,PublicHealth,NEABSCO,Dale City,Lindendale,Station 18 - 1st Due,0.180512821,0.185191293,0.02759248,0.056187291,0.219365895,0.092284915,0.085618729,0.02541806,0.115973022,0.102812963,0.082,0.0,0.128428094,0.0,0.0,0.009364548,0.031438127,0.788338,0.276464435,0.804,638008.644,0.00735786,41.73635719,0.674294671,0.163322884,0.013793103,0.003448276,0.11630094,0.066666666,1.766666666,0.133333333,0.033333333,0.266666667,0.066666667,0.0,0.233333333,0.066666667,0.033333333,0.033333333,0.233333333,0.2,0.033333333,0.3,0.0,7.220422678,54.98349,0.13603319,5.646458489,28.89422644,0.0,1.677083164,41.40129893,0.14039161,0.0,1371,419,29,6,5,0.068596809,0.072215825,0.082908373,0.059531773,0.001316006,6181,33.3,65.8,14.2,51.7,0.235706172,107.3,0.20068156,0.416887543,3.0,LESSHSPCT,0.219365895,1.5195625332547638,5.0,House_Vacant_P,0.0,-1.1314558752128714,6.0,Work_PublicTransportation_P,0.013793103,-0.7678602622710328,Work_Fromhome_P,0.11630094,-0.43554344205020035,Work_Walk_P,0.003448276,-0.43329261789818796,2.0,Percent_Drowsy_Related,0.066666667,2.0290298481537117,Avg_Pedestrian_Injured/Kill,0.133333333,0.8195633481258957,Percent_Distracted_Related,0.266666667,0.7644904680267098,4.0,PM25,7.220422678,0.4944393475188725,UST,1.677083164,0.152892617945343,OZONE,54.98349,0.1165200077875867,1.0,Chronic_History,419.0,0.6315249155767853,0.0,Prop_Hisp,0.416887543,1.0631712446550625,Child_Dependency_Ratio,51.7,1.0145612201009906,Sex_Ratio(males per 100 females),107.3,0.25469920499980064,With_PublicAssIncome_P,0.085618729,0.6412060791633256,E_UNINSUR_P,0.115973022,0.1871755944469062,Mean_Proportion_HHIncome,0.276464435,-0.8676633111794775,E_MUNIT_P,0.0,-0.7352934055320582,CPR_Calls,5.0,0.4981779973204759,,,
51153901228,Moderate Opportunity,3,PublicHealth,COLES,Dale City,Colony Woods,Station 17 - 1st Due,0.180512821,0.166000615,0.032413989,0.074313409,0.160834132,0.092125266,0.044695746,0.016155089,0.08041958,0.148952439,0.087,0.012385568,0.117932149,0.0,0.0,0.003769521,0.039310716,0.894135567,0.345989305,0.876,651737.8126,0.007000539,41.84431742,0.724208675,0.080890973,0.019343494,0.001172333,0.130128957,0.12195122,1.902439024,0.024390244,0.073170732,0.097560976,0.0,0.0,0.073170732,0.12195122,0.024390244,0.024390244,0.414634146,0.048780488,0.024390244,0.317073171,0.0,7.193119945,54.85516,0.138941747,5.437051861,27.34081636,0.0,0.305452962,33.22590125,0.159274585,0.0,1127,339,27,7,0,0.08089922,0.07555488,0.101854667,0.031771675,0.001976285,6474,36.2,65.4,17.7,47.7,0.309501263,90.1,0.202809343,0.323074495,3.0,LESSHSPCT,0.160834132,0.7555199221214127,4.0,E_CROWD_P,0.039310716,0.1987032360709605,5.0,Work_Drivealone_P,0.724208675,0.6023250430346582,Work_Walk_P,0.001172333,-0.5618252733899345,Work_PublicTransportation_P,0.019343494,-0.5005359395525621,2.0,Percent_Young_Related,0.414634146,2.0779351043094776,Percent_Hitrun_Related,0.12195122,1.1112838957509592,Avg_Person_Injured/Kill,1.902439024,0.8005993642375963,6.0,PM25,7.193119945,0.20848834522790197,,,,,,,1.0,Chronic_History,339.0,0.1121346620685566,0.0,Child_Dependency_Ratio,47.7,0.5780377441309633,Prop_Hisp,0.323074495,0.44837540112701735,UNDER5PCT,0.07555488,0.25350051217835584,With_Medicaid_P,0.148952439,0.39734969769695117,LINGISOPCT,0.074313409,0.25687851548643353,Mean_Proportion_HHIncome,0.345989305,0.09699202500451946,,,,Opioid_Calls,7.0,0.005520633919125084,,,
51153901229,Moderate Opportunity,4,PublicHealth,COLES,Dale City,Ridgedale,Station 18 - 1st Due,0.180512821,0.15589593,0.04287902,0.056716418,0.104902297,0.063575325,0.026119403,0.03358209,0.080990348,0.106939464,0.075,0.048507463,0.103731343,0.0,0.0,0.0,0.035820896,0.897817877,0.318693694,0.853,469563.7766,0.005223881,47.24759615,0.717227723,0.146930693,0.02019802,0.0,0.093861386,0.111111111,1.444444444,0.111111111,0.111111111,0.333333333,0.0,0.0,0.111111111,0.0,0.111111111,0.111111111,0.333333333,0.333333333,0.111111111,0.222222222,0.111111111,7.205152459,54.76185,0.132334468,4.984798067,25.63965553,0.0,0.238329012,43.99226986,0.177558818,0.0,878,224,21,7,5,0.081839274,0.073227025,0.089383131,0.020895522,0.0,4706,35.0,55.2,12.4,42.8,0.282450414,79.3,0.232237007,0.282450414,2.0,With_SSI_P,0.03358209,0.1594643040306815,4.0,E_CROWD_P,0.035820896,0.09577908019359295,3.0,Mean_Transportation_time(min),47.24759615,0.9066425037210487,Work_Fromhome_P,0.093861386,-0.74509556377846,Work_Walk_P,0.0,-0.6280321483470866,6.0,Percent_Bike_Related,0.111111111,3.5105317477745936,Percent_Senior_Related,0.333333333,2.153603905145584,Percent_Schoolzone_Related,0.111111111,1.9812744483751286,5.0,PM25,7.205152459,0.3345090420709614,,,,,,,1.0,CPR_Calls,5.0,0.4981779973204759,0.0,Total_Population,4706.0,-0.3542524593016889,Prop_Black,0.232237007,0.3378339423018441,Prop_Hisp,0.282450414,0.18214893606272636,LESSHSPCT,0.104902297,0.02541539308339746,,,,,,,,,,Opioid_Calls,7.0,0.005520633919125084,,,
51153901230,Moderate Opportunity,3,PublicHealth,COLES,Dale City,Orangedale,Station 18 - 1st Due,0.171282051,0.14254386,0.055408971,0.07394958,0.105891413,0.091107872,0.091596639,0.05210084,0.071671526,0.133642805,0.094,0.021848739,0.140336135,0.0,0.014285714,0.0,0.005042017,0.826689353,0.440728477,0.896,473979.8905,0.044537815,45.05727224,0.743565746,0.086569958,0.017313992,0.0,0.121665887,0.133333333,2.133333333,0.066666667,0.2,0.133333333,0.0,0.0,0.2,0.0,0.0,0.0,0.333333333,0.2,0.066666667,0.2,0.0,7.220308743,54.747,0.115549437,5.189426368,23.87596146,0.0,0.942108462,59.21272128,0.173762774,0.0,655,225,12,4,0,0.097727828,0.057580175,0.088678328,0.02184874,0.000485909,4025,36.5,55.5,17.0,38.6,0.303462322,107.2,0.243494003,0.255940258,3.0,With_SSI_P,0.05210084,1.0394785020695099,4.0,Mean_Proportion_HHIncome,0.440728477,1.4114949908562135,5.0,Work_Drivealone_P,0.743565746,0.915367430667769,E_NOVEH_P,0.044537815,0.8707082610883243,Work_Walk_P,0.0,-0.6280321483470866,2.0,Percent_Alcohol_Related,0.2,2.191820355732788,Percent_Bike_Related,0.066666667,1.8068992053705044,Avg_Person_Injured/Kill,2.133333333,1.6629500185065704,6.0,PM25,7.220308743,0.4932460667053366,,,,,,,1.0,CPR_Calls,0.0,-1.0607463480361152,0.0,Total_Population,4025.0,-0.7837731970209892,Prop_Black,0.243494003,0.4349490705654409,DISABILITYPCT,0.097727828,0.4344227791835424,With_PublicAssIncome_P,0.091596639,0.7819363568929372,LIFEEXPPCT,0.171282051,-0.3919677699684726,,,,,,,Total_Calls,655.0,-0.905209249363935,Violence_Calls,12.0,-0.6713071239383319
51153901231,Moderate Opportunity,3,Socioeconomic,COLES,Manassas,Montyville,Station 16 - 1st Due,0.177435897,0.086212412,0.043163384,0.025411765,0.051546392,0.06133829,0.037176471,0.024941176,0.053903346,0.031349968,0.091,0.049694856,0.158117647,0.073670445,0.160418483,0.0,0.019764706,0.81349968,0.33545082,0.798,647886.8472,0.057411765,45.8565512,0.666157605,0.049175321,0.085827734,0.0,0.188759927,0.177083333,1.729166667,0.041666667,0.041666667,0.1875,0.010416667,0.03125,0.208333333,0.041666667,0.052083333,0.0625,0.177083333,0.104166667,0.041666667,0.28125,0.0,7.326269126,55.12127,0.153482421,4.794202493,19.92447709,0.145475581,2.729337828,961.3269838,0.016279059,0.101436902,1872,228,21,3,5,0.091650672,0.052509294,0.168060719,0.032941176,0.031598513,6580,40.0,66.1,27.3,38.8,0.56480963,107.1,0.096724524,0.157194849,1.0,LIFEEXPPCT,0.177435897,-0.05284960553733219,6.0,House_Vacant_P,0.073670445,1.0192185259124715,3.0,E_NOVEH_P,0.057411765,1.4101283835375646,Work_Carpooled_P,0.049175321,-1.1008966795891402,Mean_Transportation_time(min),45.8565512,0.6733825476546099,4.0,Percent_Drug_Related,0.03125,0.87779017017738,Percent_Bike_Related,0.041666667,0.8486058906852711,Percent_Schoolzone_Related,0.052083333,0.6860595513275604,5.0,PM25,7.326269126,1.6030059475929004,UST,2.729337828,0.8758487374573728,OZONE,55.12127,0.30770958760655326,2.0,CPR_Calls,5.0,0.4981779973204759,0.0,Prop_White,0.56480963,0.9320353325198435,OVER64PCT,0.168060719,0.7008653660736247,Median_Age,40.0,0.44664598244560094,,,,,,,E_MUNIT_P,0.160418483,0.23216570627915437,,,,Total_Calls,1872.0,0.304718983997854,,,
51153901232,Less Opportunity,1,PublicHealth,BRENTSVILLE,Manassas,Hillcrest Estates,Station 7 - 1st Due,0.163076923,0.101119259,0.019230769,0.010995724,0.097767857,0.057808175,0.025045816,0.031765425,0.024588829,0.033806101,0.066,0.015625,0.147220525,0.052662037,0.0,0.002314815,0.00855223,0.935845411,0.432432432,0.973,592177.7948,0.003054368,43.61720273,0.621490468,0.064471404,0.020103986,0.0,0.288734835,0.166666667,1.807692308,0.038461539,0.102564103,0.294871795,0.0,0.0,0.166666667,0.051282051,0.0,0.102564103,0.128205128,0.217948718,0.0,0.217948718,0.141025641,7.282990984,54.59352,0.156266049,5.453192513,21.15057182,0.19129077,0.645867396,1714.125165,0.101659308,0.109564027,902,166,5,2,1,0.0724694,0.060739293,0.109591272,0.003054368,0.157303371,6293,37.9,44.1,14.9,29.2,0.513272821,120.3,0.166638123,0.135125878,2.0,LIFEEXPPCT,0.163076923,-0.844125322543324,4.0,Mean_Proportion_HHIncome,0.432432432,1.296387633180139,3.0,Work_Carpooled_P,0.064471404,-0.8002671167921789,Work_Walk_P,0.0,-0.6280321483470866,Work_PublicTransportation_P,0.020103986,-0.4639082481281534,6.0,Percent_Workzone_Related,0.141025641,1.6787802797125804,Percent_Distracted_Related,0.294871795,1.139551926840857,Percent_Senior_Related,0.217948718,0.6945656665372125,5.0,PM25,7.282990984,1.1497389401401665,PRMP,0.109564027,0.09375587971431006,,,,1.0,Chronic_History,166.0,-1.0110467611429879,0.0,E_GROUPQ_P,0.157303371,2.9486533672579345,Sex_Ratio(males per 100 females),120.3,0.9412447294076449,Prop_White,0.513272821,0.6581267064166413,With_SSI_P,0.031765425,0.07313606950728169,,,,House_Vacant_P,0.052662037,0.40591633540721717,,,,Violence_Calls,5.0,-0.9015104188351828,Opioid_Calls,2.0,-0.8409765670133899
51153901233,Moderate Opportunity,4,Socioeconomic,COLES,Manassas,Oak Hill Estates,Station 6 - 1st Due,0.181538462,0.1255691,0.022193211,0.040333187,0.048083033,0.120274413,0.03857957,0.027181061,0.034301562,0.031960123,0.069,0.023944275,0.095133713,0.006965607,0.0,0.114932521,0.009206488,0.968763684,0.317934783,0.986,349672.5666,0.038141166,45.42591384,0.726332971,0.070457019,0.032372144,0.0,0.16648531,0.174418605,1.7790697679999998,0.034883721,0.069767442,0.197674419,0.034883721,0.011627907,0.267441861,0.034883721,0.023255814,0.058139535,0.244186047,0.174418605,0.0,0.267441861,0.0,7.233007923,54.38585,0.119066826,3.962220875,20.88036633,0.067562024,0.606796311,111.166326,0.199041712,0.0,1398,408,12,7,4,0.047500367,0.0321121,0.115749526,0.072775099,0.0,7242,41.3,59.7,16.7,43.0,0.621614264,114.6,0.089288145,0.172587451,1.0,E_POV150_P,0.120274413,0.09515351136966232,3.0,E_MOBILE_P,0.114932521,3.2873267350491955,2.0,Work_Carpooled_P,0.070457019,-0.6826257035937191,Work_Drivealone_P,0.726332971,0.6366791398853382,Work_Walk_P,0.0,-0.6280321483470866,6.0,Percent_Speed_Related,0.267441861,0.7508843913256762,Percent_Drowsy_Related,0.034883721,0.6431262167486184,Percent_Severe/Fatal,0.174418605,0.5040506882832287,4.0,PM25,7.233007923,0.6262489880346142,,,,,,,5.0,Chronic_History,408.0,0.5601087557194038,0.0,Prop_White,0.621614264,1.2339414760537841,Median_Age,41.3,0.6411085215809986,Sex_Ratio(males per 100 females),114.6,0.6402209225518977,,,,,,,,,,,,,CPR_Calls,4.0,0.18639312824915769,Opioid_Calls,7.0,0.005520633919125084
51153901234,Less Opportunity,2,Socioeconomic,COLES,Manassas,Lindau Woods,Station 6 - 1st Due,0.171282051,0.041821248,0.028377545,0.0,0.058348294,0.041527127,0.019230769,0.031730769,0.03951775,0.024640657,0.051,0.041346154,0.130769231,0.0,0.008653846,0.0,0.0,0.928016222,0.30234375,0.953,406741.3266,0.023076923,48.05643252,0.650093226,0.074580485,0.056556868,0.004972032,0.21379739,0.13559322,1.677966102,0.033898305,0.084745763,0.237288136,0.0,0.033898305,0.152542373,0.050847458,0.084745763,0.101694915,0.254237288,0.220338983,0.0,0.338983051,0.0,7.173738525,54.3376,0.114662456,4.177447346,21.73509933,0.0,0.426166774,52.05226337,0.297682138,0.0,1056,243,12,7,3,0.070841889,0.040857334,0.151373074,0.025,0.009042197,3193,47.0,54.5,21.1,33.4,0.589955687,87.1,0.121418021,0.159822747,1.0,LIFEEXPPCT,0.171282051,-0.3919677699684726,4.0,House_Vacant_P,0.0,-1.1314558752128714,3.0,Mean_Transportation_time(min),48.05643252,1.042273732698328,Work_Carpooled_P,0.074580485,-0.6015830091478184,Work_Walk_P,0.004972032,-0.3472393182322992,6.0,Percent_Schoolzone_Related,0.084745763,1.4027537475714609,Percent_Drug_Related,0.033898305,1.0112512506857998,Percent_Senior_Related,0.220338983,0.7247905629448246,5.0,PM25,7.173738525,0.00550000428700326,,,,,,,2.0,Opioid_Calls,7.0,0.005520633919125084,0.0,Median_Age,47.0,1.4937519624054367,Total_Population,3193.0,-1.3085327473623372,Prop_White,0.589955687,1.0656819834947386,With_SSI_P,0.031730769,0.07148921040246983,,,,E_CROWD_P,0.0,-0.9606752594488432,percent_homeowners,0.953,0.8932821412844368,,,,,,
51153901235,Less Opportunity,1,PublicHealth,OCCOQUAN,Dale City,Forest Ridge,Station 14 - 1st Due,0.175384615,0.058255659,0.015494636,0.008394544,0.015450186,0.017976032,0.015739769,0.010493179,0.007989348,0.01417704,0.046,0.018572825,0.059811123,0.068426197,0.0,0.0,0.0,0.945073236,0.262654321,0.95,614805.5949,0.006295908,40.92930029,0.482915718,0.243166287,0.046127563,0.0,0.218678816,0.5,1.5,0.0,0.0,0.0,0.0,0.0,0.5,0.0,0.0,0.0,0.0,0.0,0.0,0.5,0.0,7.305967213,55.5639,0.168482614,4.259698461,28.01414325,0.105947948,0.0,104.3217671,0.044497015,0.0,491,133,7,3,3,0.086099585,0.038948069,0.096537949,0.018887723,0.0,2875,37.4,63.6,17.8,45.8,0.501532802,116.3,0.192519926,0.118025751,2.0,LIFEEXPPCT,0.175384615,-0.16588899368104618,4.0,House_Vacant_P,0.068426197,0.8661222615047732,6.0,Work_Walk_P,0.0,-0.6280321483470866,,,,,,,3.0,Percent_Severe/Fatal,0.5,4.879666939187296,Percent_Speed_Related,0.5,3.1899997337605686,Percent_Night_Related,0.5,2.409683883832875,5.0,PM25,7.305967213,1.3903769638653711,OZONE,55.5639,0.9219224175910825,DSLPM,0.168482614,0.12494951688858551,1.0,Chronic_History,133.0,-1.225295240715132,0.0,Total_Population,2875.0,-1.5091019024206889,Sex_Ratio(males per 100 females),116.3,0.7299999526667698,Prop_White,0.501532802,0.5957306726475444,,,,,,,,,,,,,Total_Calls,491.0,-1.068256275059361,Violence_Calls,7.0,-0.835738048864654
51153901236,Less Opportunity,2,Socioeconomic,OCCOQUAN,Dale City,Lakepointe,Station 26 - 1st Due,0.175384615,0.057053292,0.026108075,0.029072682,0.058394161,0.039725814,0.041102757,0.018045113,0.044243652,0.07910234,0.06,0.015556636,0.097243108,0.030140982,0.090422946,0.0,0.004511278,0.823437744,0.299659401,0.819,719717.9022,0.006015038,44.53763624,0.714156627,0.084337349,0.053915663,0.006325301,0.115662651,0.030769231,1.738461538,0.030769231,0.061538462,0.323076923,0.0,0.0,0.061538462,0.030769231,0.015384615,0.046153846,0.2,0.169230769,0.030769231,0.292307692,0.0,7.28231612,55.42987,0.165762929,5.404692188,28.8129088,0.098922731,0.91617167,59.70919668,0.076228537,0.0,1500,360,19,3,0,0.05681999,0.061380277,0.091603053,0.040601504,0.000311575,6762,36.2,64.6,15.5,49.0,0.41761451,89.0,0.259452813,0.119735629,1.0,LIFEEXPPCT,0.175384615,-0.16588899368104618,6.0,E_HBURD_P,0.097243108,-0.8973642902609358,4.0,Mean_Transportation_time(min),44.53763624,0.452217842930317,Work_Fromhome_P,0.115662651,-0.44434859540689403,Work_Drivealone_P,0.714156627,0.43976340824380555,3.0,Percent_Distracted_Related,0.323076923,1.5146133856550048,Percent_Bike_Related,0.030769231,0.43088828804486373,Avg_Person_Injured/Kill,1.738461538,0.18817157011001714,5.0,PM25,7.28231612,1.1426708551535836,OZONE,55.42987,0.7359365024863113,DSLPM,0.165762929,0.04562552600367164,2.0,Chronic_History,360.0,0.2484746036144666,0.0,Child_Dependency_Ratio,49.0,0.7199078738212219,Prop_Black,0.259452813,0.5726271758152228,Prop_White,0.41761451,0.14972044204426044,,,,,,,E_CROWD_P,0.004511278,-0.8276255663190719,Mean_Proportion_HHIncome,0.299659401,-0.5458339035947333,,,,,,
51153901237,Moderate Opportunity,3,PublicHealth,OCCOQUAN,Dale City,Devonwood,Station 14 - 1st Due,0.174358974,0.114352783,0.080616479,0.063793103,0.042795233,0.101945003,0.092241379,0.003448276,0.063380282,0.165061898,0.101,0.034846029,0.25,0.059967585,0.074554295,0.0,0.031034483,0.717639168,0.23671875,0.724,757680.308,0.007758621,48.28502415,0.734153846,0.092923077,0.048615385,0.0,0.108307692,0.111111111,2.0,0.0,0.111111111,0.111111111,0.0,0.0,0.111111111,0.0,0.0,0.0,0.222222222,0.333333333,0.111111111,0.333333333,0.0,7.283647268,55.60815,0.175421724,5.646726673,30.76627588,0.107749289,2.792380598,61.16205887,0.0,0.0,565,190,8,1,2,0.101100413,0.068075117,0.047283702,0.147413793,0.0,3079,34.0,44.1,4.1,40.1,0.382352941,96.9,0.245098039,0.18627451,4.0,UNEMPPCT,0.080616479,1.1036284091286905,6.0,House_Vacant_P,0.059967585,0.6191884972598086,3.0,Mean_Transportation_time(min),48.28502415,1.0806055447443406,Work_Drivealone_P,0.734153846,0.7631582638902087,Work_Walk_P,0.0,-0.6280321483470866,2.0,Percent_Bike_Related,0.111111111,3.5105317477745936,Percent_Senior_Related,0.333333333,2.153603905145584,Avg_Person_Injured/Kill,2.0,1.1649728814935791,5.0,PM25,7.283647268,1.1566124303357344,OZONE,55.60815,0.9833256612185344,UST,2.792380598,0.919162545342276,1.0,Opioid_Calls,1.0,-1.0102760071998929,0.0,E_SNGPNT_P,0.147413793,1.9013944418033664,Total_Population,3079.0,-1.380434897288916,DISABILITYPCT,0.101100413,0.5382991714595752,With_PublicAssIncome_P,0.092241379,0.7971146448336038,With_Medicaid_P,0.165061898,0.6135082022503769,E_HBURD_P,0.25,0.46218259347983254,Owner_occupied_P,0.717639168,-0.16552801445323856,Total_Calls,565.0,-0.9946862756602053,Chronic_History,190.0,-0.8552296850905192
51153901303,Less Opportunity,1,PublicHealth,COLES,Manassas,Country Roads,Station 7 - 1st Due,0.172307692,0.098212532,0.014400536,0.04950495,0.09622093,0.024201355,0.131353135,0.027062706,0.054017425,0.104937077,0.075,0.005940594,0.127392739,0.0,0.0,0.0,0.018481848,0.866498741,0.488392857,0.886,591954.0699,0.0,51.43174134,0.632836855,0.108070662,0.07481815,0.0,0.18046415,0.166666667,1.861111111,0.027777778,0.083333333,0.333333333,0.027777778,0.027777778,0.25,0.083333333,0.0,0.111111111,0.222222222,0.194444444,0.0,0.333333333,0.0,7.241266667,54.23682,0.146712605,7.087112302,28.26367742,0.302704195,0.8484033,2630.700369,0.108488097,0.117614141,412,39,3,0,0,0.057308809,0.088480155,0.058276864,0.036963696,0.000774443,5242,36.0,53.9,9.2,44.6,0.532210691,119.1,0.117289994,0.182690425,2.0,With_PublicAssIncome_P,0.131353135,1.7178726161601736,5.0,Mean_Proportion_HHIncome,0.488392857,2.072836731055106,3.0,Mean_Transportation_time(min),51.43174134,1.6082686612330692,Work_Walk_P,0.0,-0.6280321483470866,,,,4.0,Percent_Distracted_Related,0.333333333,1.6509993682605797,Percent_Lgtruck_Related,0.111111111,0.7614491489686207,Percent_Drug_Related,0.027777778,0.7028078702213301,6.0,NO2,7.087112302,1.29915759219795,PM25,7.241266667,0.712745681404634,PTSDF,0.302704195,0.4320409209452756,1.0,Chronic_History,39.0,-1.8355787885873007,0.0,Sex_Ratio(males per 100 females),119.1,0.8778712963853823,Prop_White,0.532210691,0.7587779895222956,UNDER5PCT,0.088480155,0.7009990662094218,LIFEEXPPCT,0.172307692,-0.33544807589661485,,,,,,,,,,Opioid_Calls,0.0,-1.1795754473863957,Total_Calls,412.0,-1.146797220363865
51153901304,Moderate Opportunity,3,PublicHealth,BRENTSVILLE,Manassas,Westchester,Station 7 - 1st Due,0.209230769,0.160520607,0.087521174,0.012345679,0.086021505,0.063987635,0.060699588,0.03909465,0.134775889,0.14683153,0.107,0.231462926,0.103909465,0.026052104,0.0,0.006012024,0.027777778,0.923956723,0.171186441,0.927,379195.2314,0.012345679,43.51388889,0.71039604,0.136757426,0.034034653,0.0,0.108910891,0.169811321,1.528301887,0.037735849,0.113207547,0.226415094,0.075471698,0.0,0.245283019,0.056603774,0.0,0.150943396,0.264150943,0.132075472,0.0,0.339622642,0.056603774,7.207362295,53.95925,0.140541347,4.302408094,20.03678564,0.171659754,0.078955536,1492.856626,0.140612845,0.029659571,685,151,5,4,0,0.107264297,0.070788253,0.139721793,0.038065844,0.0,3181,40.7,62.1,22.2,39.9,0.700968089,144.9,0.025457153,0.167443528,2.0,UNEMPPCT,0.087521174,1.3336576319182998,5.0,PRE1960PCT,0.231462926,1.9242965581962683,4.0,Work_Walk_P,0.0,-0.6280321483470866,Work_Fromhome_P,0.108910891,-0.5374886655437603,Work_Drivealone_P,0.71039604,0.3789472272533011,3.0,Percent_Drowsy_Related,0.075471698,2.4129755162970747,Percent_Lgtruck_Related,0.150943396,1.5226823150184947,Percent_Night_Related,0.339622642,0.5650857669705965,6.0,PM25,7.207362295,0.35765342175993986,,,,,,,1.0,Chronic_History,151.0,-1.1084324336757807,0.0,Sex_Ratio(males per 100 females),144.9,2.2404001063640275,Prop_White,0.700968089,1.65569240715594,Total_Population,3181.0,-1.3161013947230296,E_UNINSUR_P,0.134775889,0.4303636303782731,With_SSI_P,0.03909465,0.42142210720535167,,,,,,,CPR_Calls,0.0,-1.0607463480361152,Violence_Calls,5.0,-0.9015104188351828
51153901305,Less Opportunity,2,PublicHealth,BRENTSVILLE,Manassas,Highland Farms Court,Station 5 - 1st Due,0.219487179,0.060687961,0.029242175,0.0,0.029229083,0.057493857,0.021445592,0.034948372,0.081818182,0.045092177,0.078,0.274831964,0.146147736,0.059746079,0.0,0.0,0.0,0.888452089,0.348717949,0.913,179803.7856,0.037331215,43.48982558,0.617047817,0.060706861,0.027442827,0.00997921,0.284823285,0.234567901,1.555555556,0.024691358,0.111111111,0.185185185,0.024691358,0.037037037,0.308641975,0.037037037,0.049382716,0.135802469,0.296296296,0.111111111,0.012345679,0.185185185,0.012345679,7.072805464,53.01148,0.098169964,2.760155603,9.83668407,0.119948396,0.069561466,2084.149365,0.303630103,0.04592138,1167,299,5,1,1,0.101644245,0.011056511,0.113759214,0.056393963,0.0,3944,41.0,50.9,19.0,31.9,0.764140582,94.0,0.025809995,0.106809445,2.0,With_SSI_P,0.034948372,0.22439026061656786,3.0,PRE1960PCT,0.274831964,2.3971031253958914,4.0,Work_Carpooled_P,0.060706861,-0.8742555304416315,E_NOVEH_P,0.037331215,0.5687508156700418,Mean_Transportation_time(min),43.48982558,0.27651376628092833,6.0,Percent_Severe/Fatal,0.234567901,1.3124207029704593,Percent_Lgtruck_Related,0.135802469,1.2333246796947865,Percent_Speed_Related,0.308641975,1.1829992620396468,5.0,NO2,2.760155603,-2.787289896451749,OZONE,53.01148,-2.6199276863538192,DSLPM,0.098169964,-1.9258321021938232,1.0,Opioid_Calls,1.0,-1.0102760071998929,0.0,Prop_White,0.764140582,1.9914425457635556,Total_Population,3944.0,-0.8348615667056637,Median_Age,41.0,0.5962325510112918,,,,,,,House_Vacant_P,0.059746079,0.6127220332131252,Mean_Proportion_HHIncome,0.348717949,0.13485187278483818,Violence_Calls,5.0,-0.9015104188351828,CPR_Calls,1.0,-0.7489614789647969
51153901306,Moderate Opportunity,4,Socioeconomic,BRENTSVILLE,Manassas,Shenandoah,Station 6 - 1st Due,0.169230769,0.061988971,0.044646098,0.020883055,0.042307692,0.03498764,0.00477327,0.011336516,0.033086138,0.042873476,0.079,0.03156708,0.081145585,0.05524239,0.0,0.0,0.010739857,0.982088415,0.469565217,0.984,282595.9029,0.0,45.0743762,0.654884075,0.096921323,0.014443178,0.0,0.207905739,0.08433735,1.6987951810000002,0.0,0.072289157,0.21686747,0.012048193,0.0,0.168674699,0.048192771,0.0,0.108433735,0.228915663,0.277108434,0.024096386,0.228915663,0.012048193,7.142773224,53.70509,0.106569856,3.342854984,15.30262334,0.098928441,0.553679854,300.4511606,0.521430771,0.0,1715,424,15,6,5,0.067644817,0.045826203,0.200608481,0.051312649,0.002091652,5068,44.7,66.5,33.7,32.8,0.731521551,100.9,0.052968669,0.116496451,1.0,LIFEEXPPCT,0.169230769,-0.5050071581121851,3.0,Mean_Proportion_HHIncome,0.469565217,1.811603831320791,5.0,Work_PublicTransportation_P,0.014443178,-0.7365506015478136,Work_Walk_P,0.0,-0.6280321483470866,Mean_Transportation_time(min),45.0743762,0.5422220800246706,4.0,Percent_Senior_Related,0.277108434,1.4426401635506274,Percent_Lgtruck_Related,0.108433735,0.7102819259688369,Percent_Young_Related,0.228915663,0.1828533396496145,6.0,PNPL,0.521430771,0.07065481590904509,,,,,,,2.0,Chronic_History,424.0,0.6639868064210495,0.0,Prop_White,0.731521551,1.8180784174950055,Median_Age,44.7,1.1497028547043482,OVER64PCT,0.200608481,1.0814855311676976,,,,,,,House_Vacant_P,0.05524239,0.48124503938025526,,,,CPR_Calls,5.0,0.4981779973204759,Total_Calls,1715.0,0.14863128256991573
51153901403,Exceptional Opportunity,8,PublicHealth,GAINESVILLE,Manassas,Tara Wood,Station 11 - 1st Due,0.165128205,0.366557657,0.072700297,0.158961593,0.09332004,0.202672913,0.075391181,0.04658606,0.20584183,0.177444242,0.157,0.042019654,0.370910384,0.047102677,0.459166384,0.0,0.09886202,0.388912281,0.34643436,0.36,977083.1264,0.077524893,36.09129815,0.708500939,0.179404666,0.007508715,0.032716546,0.060606061,0.06993007,1.6923076920000002,0.083916084,0.041958042,0.216783217,0.006993007,0.020979021,0.132867133,0.062937063,0.041958042,0.027972028,0.195804196,0.153846154,0.027972028,0.300699301,0.006993007,7.258681148,54.63028,0.180549271,5.705093064,30.88393054,0.366612226,4.422730184,4687.495242,0.0,0.325971238,3555,415,81,12,11,0.087810352,0.073022871,0.105814274,0.01173542,0.018324607,7489,35.5,53.4,16.1,37.3,0.30056263,114.2,0.161533906,0.35519692,2.0,LINGISOPCT,0.158961593,1.6680181904980862,4.0,E_MUNIT_P,0.459166384,2.0338681881367098,3.0,E_NOVEH_P,0.077524893,2.2528709736981023,Work_Fromhome_P,0.060606061,-1.2038505110698738,Work_PublicTransportation_P,0.007508715,-1.0705361937144366,5.0,Percent_Schoolzone_Related,0.041958042,0.46388571750746166,Percent_Drug_Related,0.020979021,0.3601851529232154,Percent_Bike_Related,0.027972028,0.3236666506561645,6.0,UST,4.422730184,2.039301282159131,PRMP,0.325971238,1.3364001344023861,PM25,7.258681148,0.8951335872720487,1.0,CPR_Calls,11.0,2.368887211748385,0.0,Prop_Hisp,0.35519692,0.6588869855501284,Sex_Ratio(males per 100 females),114.2,0.6190964448778107,UNDER5PCT,0.073022871,0.16583735868308042,percent_food_insecure,0.157,1.6539204525144333,LOWINCPCT,0.366557657,1.6011746294277385,E_CROWD_P,0.09886202,1.955030982372057,percent_homeowners,0.36,-1.6744980631475035,Total_Calls,3555.0,1.9779393757381094,Violence_Calls,81.0,1.5978396400449117
51153901407,Exceptional Opportunity,7,Socioeconomic,GAINESVILLE,Haymarket,Port Tavern Court,Station 22 - 1st Due,0.197948718,0.336919203,0.020736503,0.201037613,0.2067274,0.196123147,0.083657588,0.042801556,0.222576967,0.113568985,0.106,0.035669587,0.353437095,0.035043805,0.438047559,0.0,0.059014267,0.392702395,0.356697905,0.465,1078329.222,0.014267185,41.39745567,0.72640118,0.196165192,0.005899705,0.009955752,0.043510324,0.08,1.47,0.05,0.07,0.18,0.04,0.01,0.25,0.08,0.0,0.19,0.14,0.14,0.01,0.24,0.29,7.24122541,54.74085,0.202948994,5.667451078,19.0339834,0.214390834,4.41068974,5115.589548,0.0,0.525354825,2039,280,75,16,0,0.0672748,0.083238312,0.042873432,0.101167315,0.0,4207,34.6,42.6,8.7,33.8,0.226983753,102.3,0.157052037,0.437720744,1.0,LINGISOPCT,0.201037613,2.369452508198083,4.0,E_MUNIT_P,0.438047559,1.9065038140639514,5.0,Work_Fromhome_P,0.043510324,-1.439685040617935,Work_PublicTransportation_P,0.005899705,-1.1480311861387986,PTRAF,1078329.222,0.6911550668042066,3.0,Percent_Workzone_Related,0.29,3.9997600716159054,Percent_Lgtruck_Related,0.19,2.269091473269802,Percent_Drowsy_Related,0.04,0.8662228939849457,6.0,PRMP,0.525354825,2.481292061615709,UST,4.41068974,2.031028843015595,DSLPM,0.202948994,1.1302169699046434,2.0,Opioid_Calls,16.0,1.5292155955976519,0.0,Prop_Hisp,0.437720744,1.199699858267364,E_SNGPNT_P,0.101167315,0.8517825946594758,Total_Population,4207.0,-0.6689820453838194,E_UNINSUR_P,0.222576967,1.5659442687711693,LESSHSPCT,0.2067274,1.3545863181936217,Owner_occupied_P,0.392702395,-1.6415824461263084,E_HBURD_P,0.353437095,1.38277987933223,Violence_Calls,75.0,1.4005225301333253,Total_Calls,2039.0,0.470748577236489
51153901409,High Opportunity,6,PublicHealth,BRENTSVILLE,Manassas,University Boulevard,Station 25 - 1st Due,0.17839493832467535,0.162071284,0.017282479,0.070965541,0.080970277,0.07450807,0.027635619,0.0139884,0.078045545,0.081325301,0.076,0.018242123,0.234049812,0.027860697,0.193698176,0.0,0.044353463,0.642496352,0.383218292,0.623,581431.9453,0.0,45.80154946,0.789538715,0.047775947,0.009678748,0.0,0.140650741,0.110701107,1.8856088560000002,0.022140221,0.051660517,0.210332103,0.022140221,0.018450185,0.114391144,0.051660517,0.011070111,0.166051661,0.188191882,0.121771218,0.007380074,0.247232472,0.103321033,7.218084973,54.12167,0.155699602,5.254083407,12.72587728,0.306242924,0.870076708,11281.03011,0.000401169,0.165207398,2932,469,54,9,3,0.046854083,0.050409021,0.05836834,0.069600819,0.015144815,9185,33.1,49.4,9.3,40.1,0.462479417,99.8,0.16796048,0.176429076,2.0,LINGISOPCT,0.070965541,0.2010674024978558,5.0,Mean_Proportion_HHIncome,0.383218292,0.6135430228024964,3.0,Work_Drivealone_P,0.789538715,1.6588418944615382,Work_Carpooled_P,0.047775947,-1.1284000079778158,Work_PublicTransportation_P,0.009678748,-0.9660205655358575,6.0,Percent_Lgtruck_Related,0.166051661,1.8114157481989033,Percent_Workzone_Related,0.103321033,1.0913527934185367,Avg_Person_Injured/Kill,1.8856088560000002,0.737741572509795,4.0,PWDIS,11281.03011,2.2052662265133427,PM25,7.218084973,0.46995575139643553,PTSDF,0.306242924,0.44698070815585594,1.0,Total_Calls,2932.0,1.3585595159317048,0.0,Prop_White,0.462479417,0.3881691406553437,E_SNGPNT_P,0.069600819,0.13534818479111285,E_GROUPQ_P,0.015144815,0.09148724618061213,,,,,,,percent_homeowners,0.623,-0.5356680567974186,Owner_occupied_P,0.642496352,-0.5068709949388425,Chronic_History,469.0,0.9561438240194281,Violence_Calls,54.0,0.7099126454427729
51153901411,High Opportunity,6,PublicHealth,BRENTSVILLE,Haymarket,Gainesville,Station 4 - 1st Due,0.117948718,0.052974599,0.03610467,0.075356415,0.038694393,0.048922056,0.00610998,0.012219959,0.012935323,0.05,0.059,0.025037556,0.148167006,0.016524787,0.030045068,0.0,0.0,0.941009358,0.277427185,0.966,444379.567,0.006619145,42.85229759,0.657515443,0.063143445,0.033973919,0.017501716,0.215854496,0.085714286,1.485714286,0.0,0.085714286,0.314285714,0.0,0.028571429,0.085714286,0.0,0.0,0.028571429,0.2,0.228571429,0.028571429,0.228571429,0.0,7.049350546,53.51964,0.139684521,6.242032576,6.774639548,0.06766757,1.027627487,3872.754009,0.0,0.066519828,2441,315,14,9,12,0.072222222,0.045936982,0.140961857,0.015784114,0.007628524,5901,43.4,67.1,25.2,41.9,0.575624082,97.6,0.091042584,0.100734214,2.0,LIFEEXPPCT,0.117948718,-3.3309919168117172,4.0,E_CROWD_P,0.0,-0.9606752594488432,5.0,Work_Carpooled_P,0.063143445,-0.8263668531483614,Mean_Transportation_time(min),42.85229759,0.1696087011796709,,,,3.0,Percent_Distracted_Related,0.314285714,1.3977111091512404,Percent_Senior_Related,0.228571429,0.8288898270562362,Percent_Drug_Related,0.028571429,0.7428038374556886,6.0,NO2,6.242032576,0.5010507091733093,PWDIS,3872.754009,0.25785249064207694,,,,1.0,CPR_Calls,12.0,2.6806720808197033,0.0,Prop_White,0.575624082,0.9895121485442709,Median_Age,43.4,0.9552403155689495,OVER64PCT,0.140961857,0.38396574857299604,LINGISOPCT,0.075356415,0.2742660963927788,,,,percent_homeowners,0.966,0.9495741187846313,Mean_Proportion_HHIncome,0.277427185,-0.8543051858796941,Total_Calls,2441.0,0.8704126280264965,Opioid_Calls,9.0,0.34411951429213106
51153901412,Less Opportunity,1,PublicHealth,BRENTSVILLE,Haymarket,Broad Run Village,Station 25 - 1st Due,0.172307692,0.052298554,0.031505532,0.008207934,0.013560052,0.035857088,0.05243958,0.01869585,0.037017929,0.046765394,0.057,0.0,0.071135431,0.0,0.0,0.006839945,0.021887825,0.934219012,0.263601036,0.929,392068.2804,0.031007752,41.10472751,0.656131479,0.093046776,0.017193426,0.0,0.229835651,0.272727273,1.787878788,0.121212121,0.03030303,0.181818182,0.0,0.0,0.151515152,0.0,0.0,0.03030303,0.424242424,0.242424242,0.060606061,0.303030303,0.0,7.117303825,53.72243,0.143570621,5.382310528,7.497936201,0.116797124,0.285305005,5239.687031,0.0,0.105045014,835,223,10,1,1,0.06612107,0.097381659,0.03985554,0.019151847,0.0,7645,38.2,55.7,7.1,48.6,0.519230769,96.9,0.107125247,0.125739645,2.0,LIFEEXPPCT,0.172307692,-0.33544807589661485,4.0,House_Vacant_P,0.0,-1.1314558752128714,5.0,Work_Walk_P,0.0,-0.6280321483470866,Work_PublicTransportation_P,0.017193426,-0.6040899904110795,E_NOVEH_P,0.031007752,0.3037969215067708,3.0,Percent_Young_Related,0.424242424,2.175978509217015,Percent_Severe/Fatal,0.272727273,1.8252594917086598,Percent_Bike_Related,0.060606061,1.574585676860856,6.0,PWDIS,5239.687031,0.6171782105216983,PRMP,0.105045014,0.06780699605483388,,,,1.0,Opioid_Calls,1.0,-1.0102760071998929,0.0,UNDER5PCT,0.097381659,1.009186719369741,Prop_White,0.519230769,0.6897921001951793,Child_Dependency_Ratio,48.6,0.6762555262242194,,,,,,,E_HBURD_P,0.071135431,-1.129724417796527,Mean_Proportion_HHIncome,0.263601036,-1.0461425587755375,CPR_Calls,1.0,-0.7489614789647969,Violence_Calls,10.0,-0.7370794939088607
51153901413,Less Opportunity,1,PublicHealth,BRENTSVILLE,Haymarket,Broad Run Village,Station 25 - 1st Due,0.17025641,0.047098976,0.069227691,0.0,0.041746457,0.019661017,0.015467904,0.013147718,0.034350282,0.058139535,0.083,0.006960557,0.073472544,0.0,0.0,0.006187162,0.013921114,0.942824859,0.357876712,0.949,404700.5631,0.009280742,42.93433299,0.687738651,0.120916419,0.009333899,0.0,0.179465422,0.090909091,1.727272727,0.0,0.0,0.181818182,0.0,0.0,0.363636364,0.0,0.090909091,0.090909091,0.454545455,0.181818182,0.0,0.272727273,0.0,7.148630055,53.74839,0.14417774,4.728430592,8.502334274,0.14016905,0.0,7165.229597,0.0,0.114530274,489,118,6,2,0,0.094847241,0.042033898,0.053333333,0.098994586,0.0,4321,35.1,56.9,8.0,48.9,0.572824156,96.1,0.089698046,0.139209591,2.0,UNEMPPCT,0.069227691,0.7242120768858277,4.0,Mean_Proportion_HHIncome,0.357876712,0.2619294149764958,5.0,Work_PublicTransportation_P,0.009333899,-0.9826295801737708,Work_Walk_P,0.0,-0.6280321483470866,Mean_Transportation_time(min),42.93433299,0.18336495959525498,3.0,Percent_Young_Related,0.454545455,2.4851923286192688,Percent_Speed_Related,0.363636364,1.7597911925845184,Percent_Schoolzone_Related,0.090909091,1.5379923506744,6.0,PWDIS,7165.229597,1.123345636102264,PRMP,0.114530274,0.12227285136878928,,,,1.0,Chronic_History,118.0,-1.322680913247925,0.0,Prop_White,0.572824156,0.9746310587226128,E_SNGPNT_P,0.098994586,0.8024702535330208,Child_Dependency_Ratio,48.9,0.708994786921971,LIFEEXPPCT,0.17025641,-0.44848746404032885,,,,,,,,,,Total_Calls,489.0,-1.0702446534215002,CPR_Calls,0.0,-1.0607463480361152
51153901414,Less Opportunity,2,Socioeconomic,BRENTSVILLE,Haymarket,Twin Oaks,Station 25 - 1st Due,0.139487179,0.038053421,0.039674106,0.024238658,0.032206119,0.038053421,0.009322561,0.018023617,0.044273692,0.017399267,0.067,0.022045315,0.059042884,0.014696877,0.0,0.0,0.0,0.973289426,0.27,0.93,350894.2539,0.006836544,41.50628141,0.648141332,0.046006625,0.026131763,0.002576371,0.267574531,0.095238095,1.523809524,0.047619048,0.047619048,0.428571429,0.047619048,0.0,0.095238095,0.047619048,0.142857143,0.095238095,0.523809524,0.047619048,0.0,0.095238095,0.0,7.117794262,53.46698,0.134923811,5.503940379,8.836438622,0.157380696,0.0,6443.013978,0.0,0.107046024,1215,421,8,1,2,0.090659341,0.020307355,0.168313209,0.025481666,0.0,5453,42.5,80.8,30.6,50.2,0.58691248,101.0,0.102714749,0.134724473,1.0,LIFEEXPPCT,0.139487179,-2.1440783413027296,4.0,E_HBURD_P,0.059042884,-1.2373489208555366,5.0,Work_Carpooled_P,0.046006625,-1.1631743027634183,Work_Walk_P,0.002576371,-0.482532983314427,Work_PublicTransportation_P,0.026131763,-0.1735915111589967,3.0,Percent_Young_Related,0.523809524,3.191966754016888,Percent_Distracted_Related,0.428571429,2.9174406771049086,Percent_Schoolzone_Related,0.142857143,2.6778606144433956,6.0,PWDIS,6443.013978,0.9334967971110285,PRMP,0.107046024,0.07929711031019196,,,,2.0,Chronic_History,421.0,0.6445096719144909,0.0,Prop_White,0.58691248,1.049507900067927,Child_Dependency_Ratio,50.2,0.8508649166122304,Median_Age,42.5,0.820612403859828,,,,,,,Owner_occupied_P,0.973289426,0.9957862092196343,E_CROWD_P,0.0,-0.9606752594488432,,,,,,
51153901415,Less Opportunity,1,PublicHealth,BRENTSVILLE,Haymarket,Bristow,Station 25 - 1st Due,0.17839493832467535,0.011355894,0.050376835,0.008778347,0.035113934,0.0,0.0,0.020482809,0.024755848,0.028512774,0.07,0.023141655,0.068032187,0.041374474,0.0,0.0,0.005120702,0.855553032,0.219662921,0.871,444171.7625,0.0,46.6594277,0.675856307,0.054720134,0.051796157,0.012531328,0.182539683,0.227272727,1.363636364,0.181818182,0.045454545,0.227272727,0.0,0.0,0.045454545,0.045454545,0.090909091,0.045454545,0.318181818,0.090909091,0.045454545,0.136363636,0.0,7.164563115,53.70865,0.136491879,5.197768188,9.870704647,0.186489048,0.202635377,8605.292074,0.0,0.116597834,1045,148,10,3,2,0.041286496,0.08017261,0.074948898,0.028529627,0.0,4498,39.1,61.9,12.2,49.7,0.59469697,108.6,0.093276515,0.141098485,2.0,UNEMPPCT,0.050376835,0.09619769614940904,5.0,House_Vacant_P,0.041374474,0.07639650156897199,4.0,Work_Carpooled_P,0.054720134,-0.991918798913355,Mean_Transportation_time(min),46.6594277,0.8080143847615106,,,,3.0,Percent_Schoolzone_Related,0.090909091,1.5379923506744,Avg_Pedestrian_Injured/Kill,0.181818182,1.4299021227427382,Percent_Severe/Fatal,0.227272727,1.2143779941492971,6.0,PWDIS,8605.292074,1.5018948977643736,PRMP,0.116597834,0.1341451061950061,,,,1.0,Chronic_History,148.0,-1.1279095681823392,0.0,Prop_White,0.59469697,1.090881027395506,Child_Dependency_Ratio,49.7,0.796299482115977,Total_Population,4498.0,-0.48544234688702587,,,,,,,,,,,,,Violence_Calls,10.0,-0.7370794939088607,Opioid_Calls,3.0,-0.6716771268268868
51153901416,Less Opportunity,2,PublicHealth,BRENTSVILLE,Haymarket,Avendale,Station 25 - 1st Due,0.17839493832467535,0.205910947,0.025993316,0.121299639,0.016753927,0.192689092,0.00866426,0.015884477,0.019832782,0.23444227,0.051,0.0,0.219494585,0.0361865,0.0,0.0,0.009386282,0.936807311,0.335294118,0.91,438879.4065,0.010830325,41.20975493,0.655836796,0.070268228,0.04835663,0.00793351,0.213826974,0.125,2.541666667,0.0,0.083333333,0.208333333,0.0,0.0,0.166666667,0.0,0.0,0.125,0.333333333,0.166666667,0.0,0.291666667,0.0,7.167143716,53.61287,0.141208433,5.234215496,10.93174712,0.235894242,0.607076652,6121.219071,0.045004363,0.114127752,742,182,3,1,3,0.036399217,0.0771923,0.034804589,0.009386282,0.0,5129,36.7,62.4,6.3,56.1,0.555778491,94.9,0.125802568,0.132223114,2.0,With_Medicaid_P,0.23444227,1.544461715765657,5.0,E_HBURD_P,0.219494585,0.19068229416457216,4.0,Work_Carpooled_P,0.070268228,-0.6863362061969018,Work_Walk_P,0.00793351,-0.17999144272733864,,,,3.0,Avg_Person_Injured/Kill,2.541666667,3.1880050069113803,Percent_Young_Related,0.333333333,1.2483370714183653,Percent_Lgtruck_Related,0.125,1.0268791373909587,6.0,PWDIS,6121.219071,0.8489065613420586,PTSDF,0.235894242,0.149983017848183,PRMP,0.114127752,0.11996150671269297,1.0,Opioid_Calls,1.0,-1.0102760071998929,0.0,Child_Dependency_Ratio,56.1,1.4947370436680207,Prop_White,0.555778491,0.8840364958895616,UNDER5PCT,0.0771923,0.31019122725726506,LINGISOPCT,0.121299639,1.04016919225066,E_POV150_P,0.192689092,0.9445859933868738,,,,,,,Violence_Calls,3.0,-0.9672827888057115,Chronic_History,182.0,-0.9071687104413421
51153901417,Less Opportunity,2,Socioeconomic,BRENTSVILLE,Haymarket,Lonesome Road,Station 25 - 1st Due,0.166153846,0.099862732,0.012408347,0.0,0.056256062,0.077899794,0.018464529,0.017492711,0.053877831,0.037062457,0.073,0.192064923,0.178814383,0.07213706,0.0,0.0,0.022351798,0.905284832,0.45745614,0.83,304704.7965,0.003887269,41.64275466,0.725559482,0.041813899,0.038869258,0.010011779,0.179034158,0.19736842100000002,1.8289473680000001,0.013157895,0.092105263,0.223684211,0.026315789,0.026315789,0.197368421,0.039473684,0.039473684,0.118421053,0.184210526,0.157894737,0.013157895,0.236842105,0.0,7.069313388,53.02802,0.119054681,4.412729244,7.154853106,0.145635746,0.144079864,3721.163806,0.062162312,0.061712742,1141,311,5,1,3,0.085106383,0.045298559,0.143102265,0.104956268,0.0,3054,43.6,62.0,21.8,40.2,0.689524365,93.8,0.065655092,0.115844762,1.0,LIFEEXPPCT,0.166153846,-0.6745662403277553,4.0,Mean_Proportion_HHIncome,0.45745614,1.6435907772249994,3.0,Work_Carpooled_P,0.041813899,-1.2455782348228517,Work_Drivealone_P,0.725559482,0.6241702823537433,Work_Walk_P,0.010011779,-0.06262231995221786,6.0,Percent_Lgtruck_Related,0.118421053,0.901149150921834,Percent_Severe/Fatal,0.19736842100000002,0.81248227985147,Percent_Drug_Related,0.026315789,0.6291310725596467,5.0,PWDIS,3721.163806,0.21800396994427715,,,,,,,2.0,Opioid_Calls,1.0,-1.0102760071998929,0.0,Prop_White,0.689524365,1.5948711266155746,Total_Population,3054.0,-1.3962029126236921,Median_Age,43.6,0.9851576292820882,,,,,,,PRE1960PCT,0.192064923,1.494781968710782,House_Vacant_P,0.07213706,0.9744541449375829,Violence_Calls,5.0,-0.9015104188351828,Total_Calls,1141.0,-0.4220333073640751
51153901418,Moderate Opportunity,4,PublicHealth,GAINESVILLE,Haymarket,Coverstone,Station 22 - 1st Due,0.185641026,0.230407155,0.020378977,0.078637771,0.225558404,0.134633459,0.138080495,0.116408669,0.199718045,0.18141071,0.0,0.0,0.186996904,0.101279911,0.64329438,0.0,0.113931889,0.251174812,0.268893298,0.277,877362.1922,0.014860681,35.93808851,0.607319863,0.13495997,0.0,0.067479985,0.190240183,0.114754098,1.409836066,0.032786885,0.049180328,0.180327869,0.016393443,0.016393443,0.229508197,0.06557377,0.0,0.147540984,0.114754098,0.229508197,0.0,0.262295082,0.262295082,7.223435792,54.60217,0.203530081,5.351364156,18.34058665,0.226307363,0.752255912,6239.032357,0.0,0.367330819,1397,268,40,9,1,0.072894551,0.102443609,0.078947368,0.079876161,0.0,4338,36.5,50.9,15.0,35.9,0.27477042,82.6,0.223779604,0.341227646,2.0,With_SSI_P,0.116408669,4.0953976415931335,4.0,E_MUNIT_P,0.64329438,3.144315713499099,3.0,Work_PublicTransportation_P,0.0,-1.4321795719667114,PTRAF,877362.1922,0.1995390318296948,,,,5.0,Percent_Workzone_Related,0.262295082,3.5681250221619343,Percent_Lgtruck_Related,0.147540984,1.4576589587393836,Percent_Senior_Related,0.229508197,0.8407352566458283,6.0,PRMP,0.367330819,1.5738933559473747,DSLPM,0.203530081,1.1471653076317487,PWDIS,6239.032357,0.8798761429689581,1.0,Opioid_Calls,9.0,0.34411951429213106,0.0,UNDER5PCT,0.102443609,1.184441428115014,Total_Population,4338.0,-0.5863576450295928,Prop_Hisp,0.341227646,0.5673405346523342,With_PublicAssIncome_P,0.138080495,1.8762462352322373,LESSHSPCT,0.225558404,1.600396263580412,E_CROWD_P,0.113931889,2.399481855485142,Owner_occupied_P,0.251174812,-2.2844841840934302,Violence_Calls,40.0,0.2495060556490713,,,
51153901419,Exceptional Opportunity,7,Socioeconomic,GAINESVILLE,Haymarket,Coverstone,Station 22 - 1st Due,0.185641026,0.493614803,0.00984456,0.221645663,0.257922535,0.345582486,0.078576724,0.025945145,0.191034663,0.185126997,0.195,0.0,0.481097109,0.039173789,0.351139601,0.0,0.064492216,0.294240292,0.401004872,0.354,979250.1006,0.058561898,27.04735376,0.744747899,0.18907563,0.0,0.008928571,0.057247899,0.111111111,1.444444444,0.444444444,0.222222222,0.222222222,0.111111111,0.0,0.222222222,0.333333333,0.0,0.0,0.0,0.222222222,0.0,0.555555556,0.0,7.241790164,54.72354,0.206578348,5.691840172,19.64821031,0.214662233,0.766767565,5220.87153,0.0,0.500864601,675,149,37,6,2,0.052631579,0.121970289,0.049517852,0.087472202,0.0,3801,26.6,72.5,8.8,63.7,0.162763466,73.6,0.205854801,0.463934426,1.0,E_POV150_P,0.345582486,2.738043023686703,5.0,E_HBURD_P,0.481097109,2.5189628164137394,4.0,E_NOVEH_P,0.058561898,1.458319100737252,Work_PublicTransportation_P,0.0,-1.4321795719667114,Work_Fromhome_P,0.057247899,-1.2501761275329828,3.0,Percent_Hitrun_Related,0.333333333,4.88644454722888,Avg_Pedestrian_Injured/Kill,0.444444444,4.735903775574159,Percent_Drowsy_Related,0.111111111,3.9670413948297285,6.0,PRMP,0.500864601,2.3406653421593777,DSLPM,0.206578348,1.2360729214630504,PM25,7.241790164,0.7182284472451991,2.0,Violence_Calls,37.0,0.1508475006932781,0.0,Child_Dependency_Ratio,63.7,2.3241316480110727,UNDER5PCT,0.121970289,1.8604936641430545,Prop_Hisp,0.463934426,1.3714889972063946,LINGISOPCT,0.221645663,2.7130019572875503,LOWINCPCT,0.493614803,2.666455099106182,Owner_occupied_P,0.294240292,-2.0888553790824074,percent_homeowners,0.354,-1.700478975839901,,,,,,
51153901420,Less Opportunity,1,PublicHealth,BRENTSVILLE,Haymarket,Arcadia Run Apartments,Station 25 - 1st Due,0.148717949,0.090804067,0.02378687,0.026387625,0.063323417,0.045748614,0.029117379,0.04822566,0.044824399,0.069085028,0.044,0.011828935,0.070973612,0.0,0.0,0.0,0.030027298,0.901340111,0.273657718,0.923,555596.3442,0.000909918,46.77154195,0.799192735,0.065590313,0.014631685,0.0,0.109989909,0.125,1.791666667,0.041666667,0.0,0.208333333,0.0,0.041666667,0.125,0.0,0.0,0.0,0.125,0.125,0.0,0.166666667,0.0,7.20072623,54.15242,0.144223011,5.437897325,11.18063706,0.218103512,0.935752388,27419.69553,0.0,0.162991953,595,181,8,3,1,0.033502773,0.058918669,0.049907579,0.030027298,0.0,4184,31.1,80.1,11.4,68.7,0.514078311,107.7,0.133523977,0.154861417,2.0,LIFEEXPPCT,0.148717949,-1.6354010395493173,6.0,House_Vacant_P,0.0,-1.1314558752128714,4.0,Work_Drivealone_P,0.799192735,1.814966623820531,Mean_Transportation_time(min),46.77154195,0.8268144710056116,Work_Carpooled_P,0.065590313,-0.7782760538854474,3.0,Percent_Drug_Related,0.041666667,1.4027371204404355,Avg_Person_Injured/Kill,1.791666667,0.3868836042104996,,,,5.0,PWDIS,27419.69553,6.447637635064955,PRMP,0.162991953,0.40054743706125856,PM25,7.20072623,0.2881516089554073,1.0,Total_Calls,595.0,-0.9648606002281153,0.0,Child_Dependency_Ratio,68.7,2.869785992973607,Age_Dependency_Ratio,80.1,0.6922673066927538,Total_Population,4184.0,-0.6834886194918134,With_SSI_P,0.04822566,0.855329279257165,,,,E_HBURD_P,0.070973612,-1.131164618067033,Mean_Proportion_HHIncome,0.273657718,-0.9066064193249275,Chronic_History,181.0,-0.9136610886101949,Violence_Calls,8.0,-0.8028518638793896
51153901421,Moderate Opportunity,3,Socioeconomic,BRENTSVILLE,Haymarket,Rollins Ford Road,Station 4 - 1st Due,0.148717949,0.01957164,0.071765499,0.009509876,0.041680672,0.01957164,0.036576445,0.025603511,0.027141802,0.038148148,0.059,0.0,0.038039503,0.010853835,0.015918958,0.0,0.0,0.911102846,0.383057851,0.861,599375.2401,0.015362107,43.33374384,0.713213213,0.019894895,0.021771772,0.0,0.24512012,0.09868421000000001,1.611842105,0.013157895,0.046052632,0.190789474,0.019736842,0.019736842,0.164473684,0.032894737,0.0,0.092105263,0.190789474,0.177631579,0.006578947,0.27631579,0.15131579,7.16907623,54.08448,0.145737437,5.31892249,9.792885342,0.160804057,1.442536194,17675.5175,0.0,0.134584421,2116,350,40,6,2,0.041851852,0.117060561,0.052806499,0.046817849,0.007200886,5336,33.8,76.5,12.2,64.3,0.485053235,98.1,0.133497133,0.116502867,1.0,LIFEEXPPCT,0.148717949,-1.6354010395493173,4.0,Mean_Proportion_HHIncome,0.383057851,0.6113169090853086,3.0,Work_Carpooled_P,0.019894895,-1.6763748374213636,Work_Walk_P,0.0,-0.6280321483470866,Work_Drivealone_P,0.713213213,0.42450652505695724,6.0,Percent_Workzone_Related,0.15131579,1.8390979883772924,Percent_Lgtruck_Related,0.092105263,0.3982291668234172,Percent_Drug_Related,0.019736842,0.29758565946424126,5.0,PWDIS,17675.5175,3.8861852969379296,PRMP,0.134584421,0.237426918726647,,,,2.0,Total_Calls,2116.0,0.5473011441788536,0.0,Child_Dependency_Ratio,64.3,2.389610169406576,UNDER5PCT,0.117060561,1.6905091817482243,Age_Dependency_Ratio,76.5,0.5518379981996812,UNEMPPCT,0.071765499,0.808758896380281,,,,,,,,,,Violence_Calls,40.0,0.2495060556490713,Chronic_History,350.0,0.18355082192593802
51153901503,Moderate Opportunity,4,Socioeconomic,GAINESVILLE,Haymarket,Catharpin Farms,Station 15 - 1st Due,0.173333333,0.046069951,0.028068989,0.017204301,0.038461538,0.023840811,0.027956989,0.006989247,0.054251924,0.021024967,0.06,0.074733096,0.084408602,0.05439756,0.0,0.0,0.00483871,0.972029285,0.447093023,0.973,312814.1955,0.0,42.86688617,0.67623096,0.056323061,0.014169323,0.0,0.246900461,0.172897196,1.831775701,0.014018692,0.088785047,0.26635514,0.056074766,0.018691589,0.252336449,0.065420561,0.0,0.14953271,0.182242991,0.210280374,0.009345794,0.355140187,0.168224299,7.166689071,55.10022,0.126992287,5.143982653,8.032805235,0.071820245,0.20809215,2177.196051,0.0,0.087515701,2125,389,32,4,4,0.103059884,0.047493899,0.18828609,0.033870968,0.0,5509,42.7,78.6,32.4,46.1,0.756121774,110.8,0.031105228,0.094308405,1.0,LIFEEXPPCT,0.173333333,-0.2789283818247586,4.0,Mean_Proportion_HHIncome,0.447093023,1.499802862000575,5.0,Work_Carpooled_P,0.056323061,-0.9604148352381157,Work_PublicTransportation_P,0.014169323,-0.749740321406841,Work_Walk_P,0.0,-0.6280321483470866,3.0,Percent_Workzone_Related,0.168224299,2.102527936749921,Percent_Drowsy_Related,0.056074766,1.5671672486519779,Percent_Lgtruck_Related,0.14953271,1.4957227526915475,6.0,OZONE,55.10022,0.27849968301089545,,,,,,,2.0,Total_Calls,2125.0,0.5562488468084806,0.0,Prop_White,0.756121774,1.948824061521247,OVER64PCT,0.18828609,0.9373849783624472,Median_Age,42.7,0.8505297175729666,,,,,,,House_Vacant_P,0.05439756,0.4565817669607289,PRE1960PCT,0.074733096,0.2156376550386624,Chronic_History,389.0,0.4367535705111995,CPR_Calls,4.0,0.18639312824915769
51153901504,Exceptional Opportunity,8,PublicHealth,GAINESVILLE,Haymarket,Gainesville,Station 4 - 1st Due,0.201025641,0.046587216,0.062906725,0.04921875,0.017077799,0.024600505,0.017578125,0.0296875,0.010723297,0.014734561,0.121,0.0,0.17109375,0.035781544,0.130320151,0.0,0.0,0.830119177,0.416230769,0.858,665546.7893,0.026171875,30.09987516,0.512345679,0.039351852,0.010030864,0.043981481,0.381944444,0.151898734,1.949367089,0.012658228,0.088607595,0.240506329,0.0,0.025316456,0.35443038,0.075949367,0.0,0.139240506,0.164556962,0.316455696,0.0,0.316455696,0.164556962,7.14710765,54.44747,0.180949603,7.104761769,8.260235306,0.077071045,0.274337256,4733.523317,0.0,0.121510619,4028,918,5,4,14,0.242903575,0.017872161,0.640243902,0.067578125,0.029646762,4897,72.4,256.4,221.5,34.9,0.782304265,79.4,0.053256949,0.043072353,2.0,percent_food_insecure,0.121,0.7363686034813003,5.0,Mean_Proportion_HHIncome,0.416230769,1.0715900799016531,3.0,Work_Carpooled_P,0.039351852,-1.293967362496621,Work_PublicTransportation_P,0.010030864,-0.9490615492758613,E_NOVEH_P,0.026171875,0.101173067639895,4.0,Percent_Workzone_Related,0.164556962,2.045391828736197,Percent_Senior_Related,0.316455696,1.9401862171778126,Percent_Speed_Related,0.35443038,1.6632370280510202,6.0,NO2,7.104761769,1.3158260326551472,DSLPM,0.180949603,0.4885693191077103,PWDIS,4733.523317,0.48412294154891256,1.0,Chronic_History,918.0,3.8712216218343607,0.0,Old-age_Dependency_Ratio,221.5,8.02946929007328,Age_Dependency_Ratio,256.4,7.5694026087285184,OVER64PCT,0.640243902,6.222671782997308,UNEMPPCT,0.062906725,0.5136297273020233,,,,E_MUNIT_P,0.130320151,0.05064731139619686,,,,CPR_Calls,14.0,3.3042418189623395,Total_Calls,4028.0,2.4481908583840637
51153901505,Moderate Opportunity,3,PublicHealth,GAINESVILLE,Haymarket,Long Level Estates,Station 4 - 1st Due,0.172307692,0.089539865,0.05328071,0.026617715,0.036733791,0.049468012,0.026617715,0.058742542,0.091336189,0.046952909,0.058,0.013767783,0.071133548,0.0,0.0,0.013308857,0.0,0.986873014,0.290277778,0.936,374637.8391,0.006883892,45.33890845,0.646753955,0.080741953,0.026459356,0.005728314,0.225313693,0.142857143,1.428571429,0.142857143,0.085714286,0.257142857,0.0,0.0,0.142857143,0.057142857,0.0,0.057142857,0.457142857,0.2,0.085714286,0.228571429,0.0,7.065218306,54.3836,0.156329145,6.286016652,6.548174136,0.0,0.0,2971.557069,0.0,0.09613267,956,331,14,0,5,0.071052632,0.027497582,0.111786652,0.055071134,0.0,7208,43.8,56.9,20.1,36.8,0.596557569,98.4,0.104968053,0.087886295,2.0,With_SSI_P,0.058742542,1.3550933280779005,4.0,E_MOBILE_P,0.013308857,0.0718313669149834,5.0,Mean_Transportation_time(min),45.33890845,0.5865806616888757,Work_Carpooled_P,0.080741953,-0.48048537709211686,Work_Walk_P,0.005728314,-0.30452869948630734,3.0,Percent_Bike_Related,0.085714286,2.5370274433053615,Percent_Young_Related,0.457142857,2.511696363576797,Avg_Pedestrian_Injured/Kill,0.142857143,0.9394513264319359,6.0,NO2,6.286016652,0.5425899778589232,PWDIS,2971.557069,0.020954827035255374,PRMP,0.09613267,0.01663091455446396,1.0,CPR_Calls,5.0,0.4981779973204759,0.0,Prop_White,0.596557569,1.1007697676126003,Median_Age,43.8,1.0150749429952257,OVER64PCT,0.111786652,0.042784952678230105,LIFEEXPPCT,0.172307692,-0.33544807589661485,UNEMPPCT,0.05328071,0.19294000110685863,,,,,,,Chronic_History,331.0,0.06019563671773374,,,
51153901506,Less Opportunity,2,PublicHealth,GAINESVILLE,Haymarket,Dartmoor Park (Parks at Piedmont),Station 4 - 1st Due,0.17025641,0.089443652,0.003377501,0.102153506,0.062361351,0.07318117,0.045831033,0.05963556,0.127104137,0.084060043,0.056,0.002139037,0.070127002,0.031550802,0.0,0.0,0.050800663,0.721968616,0.331097561,0.782,601753.7969,0.001656543,40.77936164,0.735168359,0.071886692,0.039283805,0.00908605,0.137626938,0.107142857,1.785714286,0.214285714,0.035714286,0.25,0.035714286,0.0,0.071428571,0.035714286,0.0,0.035714286,0.142857143,0.25,0.0,0.214285714,0.107142857,7.075037705,54.13087,0.179633357,8.18312398,6.843752222,0.0,0.83968763,3484.00807,0.0,0.085338884,658,164,17,3,3,0.042030021,0.072039943,0.056633381,0.088348978,0.0,6803,31.8,52.8,8.4,44.4,0.457189306,116.5,0.125541908,0.137825145,2.0,With_SSI_P,0.05963556,1.3975296976549094,5.0,E_CROWD_P,0.050800663,0.5375726035600259,3.0,Work_Drivealone_P,0.735168359,0.7795649595005533,Work_Carpooled_P,0.071886692,-0.6545268779706742,Work_Fromhome_P,0.137626938,-0.14135274962945882,4.0,Avg_Pedestrian_Injured/Kill,0.214285714,1.8386111133742882,Percent_Workzone_Related,0.107142857,1.1508957666640944,Percent_Senior_Related,0.25,1.099854066853149,6.0,NO2,8.18312398,2.3342486459468654,DSLPM,0.179633357,0.4501788857647666,PWDIS,3484.00807,0.15566283530909275,1.0,Chronic_History,164.0,-1.0240315174806935,0.0,Sex_Ratio(males per 100 females),116.5,0.7405621915038137,E_SNGPNT_P,0.088348978,0.5608571240564415,Prop_White,0.457189306,0.3600531772486175,LINGISOPCT,0.102153506,0.7209908398910881,LIFEEXPPCT,0.17025641,-0.44848746404032885,Owner_occupied_P,0.721968616,-0.14586110864846538,,,,Total_Calls,658.0,-0.902226681820726,Opioid_Calls,3.0,-0.6716771268268868
51153901507,Moderate Opportunity,3,PublicHealth,GAINESVILLE,Haymarket,John Marshall Highway,Station 4 - 1st Due,0.171282051,0.119345859,0.030103996,0.032930845,0.036542923,0.081767571,0.009879254,0.013172338,0.050800278,0.074616457,0.079,0.044852192,0.155872667,0.071355759,0.017329256,0.0,0.0,0.84059993,0.243884892,0.884,623076.4667,0.0,37.16247518,0.746277205,0.102520046,0.003436426,0.004581901,0.135166094,0.184210526,1.47368421,0.0,0.052631579,0.368421053,0.026315789,0.0,0.289473684,0.026315789,0.0,0.131578947,0.184210526,0.105263158,0.0,0.315789474,0.263157895,7.072266393,54.06354,0.163339787,8.391445648,6.826187576,0.042961327,0.796963676,3303.357942,0.0,0.047969942,1093,179,8,12,1,0.077754533,0.100904662,0.072720946,0.06586169,0.00243563,2954,34.5,54.4,11.1,43.3,0.556118999,117.2,0.100067613,0.152129817,2.0,LIFEEXPPCT,0.171282051,-0.3919677699684726,4.0,House_Vacant_P,0.071355759,0.951645485911923,5.0,Work_PublicTransportation_P,0.003436426,-1.266670465847495,Work_Drivealone_P,0.746277205,0.9592171225622346,Work_Walk_P,0.004581901,-0.36927175639953386,3.0,Percent_Workzone_Related,0.263157895,3.5815674128567747,Percent_Distracted_Related,0.368421053,2.1175830139601253,Percent_Lgtruck_Related,0.131578947,1.1526091238600835,6.0,NO2,8.391445648,2.5309909792423797,PWDIS,3303.357942,0.108175331352995,,,,1.0,Opioid_Calls,12.0,0.85201783485164,0.0,Total_Population,2954.0,-1.4592749739627964,UNDER5PCT,0.100904662,1.1311600428268522,Prop_White,0.556118999,0.8858462330515411,,,,,,,,,,,,,,,,,,
51153901508,High Opportunity,6,PublicHealth,GAINESVILLE,Haymarket,Kennard Ridge,Station 4 - 1st Due,0.17839493832467535,0.150433276,0.038580247,0.049944506,0.059850374,0.12305026,0.048279689,0.062708102,0.071057192,0.044367418,0.089,0.022653722,0.251387347,0.028047465,0.17206041,0.011866235,0.027192009,0.788214905,0.378287982,0.719,468447.3305,0.068812431,39.38162879,0.679935795,0.11364366,0.019261637,0.006741573,0.152487962,0.080808081,1.767676767,0.03030303,0.03030303,0.292929293,0.02020202,0.0,0.171717172,0.02020202,0.0,0.151515152,0.222222222,0.181818182,0.01010101,0.222222222,0.0,7.030750546,53.67938,0.149238778,6.867800587,6.233590103,0.0,2.357783236,3068.288093,0.0,0.020263568,2761,365,42,6,5,0.052686308,0.093067591,0.085615251,0.034406215,0.0,6035,34.9,52.1,10.8,41.2,0.436194896,105.2,0.155949619,0.133244945,2.0,With_SSI_P,0.062708102,1.5435374240981423,6.0,Mean_Proportion_HHIncome,0.378287982,0.5451351300507183,4.0,E_NOVEH_P,0.068812431,1.8878177212872758,Work_PublicTransportation_P,0.019261637,-0.5044784306463905,Work_Walk_P,0.006741573,-0.2473054430291326,3.0,Percent_Lgtruck_Related,0.151515152,1.533609120500229,Percent_Distracted_Related,0.292929293,1.1137212469067186,Avg_Person_Injured/Kill,1.767676767,0.297285441092294,5.0,NO2,6.867800587,1.0920360817838677,UST,2.357783236,0.6205705474818752,PWDIS,3068.288093,0.046382513889025,1.0,Total_Calls,2761.0,1.1885531659687911,0.0,UNDER5PCT,0.093067591,0.8598251628851256,Prop_White,0.436194896,0.24847176368171733,Sex_Ratio(males per 100 females),105.2,0.1437956972108415,E_POV150_P,0.12305026,0.127714514739021,,,,E_HBURD_P,0.251387347,0.4745300775495993,E_MUNIT_P,0.17206041,0.30237637118857735,CPR_Calls,5.0,0.4981779973204759,Violence_Calls,42.0,0.31527842561960007
51153901509,High Opportunity,5,Socioeconomic,GAINESVILLE,Haymarket,Knollwood Estates,Station 24 - 1st Due,0.178461538,0.049720888,0.01877053,0.0,0.0275,0.040248479,0.035744681,0.022553191,0.142357966,0.043489516,0.061,0.033806344,0.05106383,0.019198664,0.007095159,0.0,0.0,0.943826042,0.344736842,0.917,183782.0852,0.014893617,45.73208191,0.656382185,0.052251804,0.015924359,0.0,0.270962926,0.225806452,1.467741935,0.048387097,0.096774194,0.258064516,0.080645161,0.0,0.177419355,0.016129032,0.0,0.112903226,0.161290323,0.112903226,0.032258065,0.258064516,0.080645161,6.959657377,54.03897,0.106952991,4.565510676,4.807985149,0.019714216,0.067519657,1049.469179,0.0,0.0,1777,451,16,6,6,0.072741393,0.041930892,0.086579526,0.033617021,0.000129416,7915,36.8,64.6,15.6,49.1,0.70904195,117.1,0.064909297,0.08319161,1.0,E_UNINSUR_P,0.142357966,0.5284268892371687,4.0,Mean_Proportion_HHIncome,0.344736842,0.07961414114334787,3.0,Work_Carpooled_P,0.052251804,-1.040431412811869,Work_PublicTransportation_P,0.015924359,-0.6652122566188767,Mean_Transportation_time(min),45.73208191,0.652510683580756,5.0,Percent_Drowsy_Related,0.080645161,2.6385657167347527,Percent_Severe/Fatal,0.225806452,1.1946721484934222,Percent_Lgtruck_Related,0.112903226,0.7956981852811362,6.0,PM25,6.959657377,-2.2366461882645505,DSLPM,0.106952991,-1.6696609817552603,OZONE,54.03897,-1.1941374311049373,2.0,Chronic_History,451.0,0.8392810169800766,0.0,Prop_White,0.70904195,1.698603487930426,Sex_Ratio(males per 100 females),117.1,0.7722489080149447,Child_Dependency_Ratio,49.1,0.7308209607204728,,,,,,,,,,,,,CPR_Calls,6.0,0.809962866391794,Total_Calls,1777.0,0.2102710117962353
51153901510,Less Opportunity,1,Socioeconomic,GAINESVILLE,Haymarket,Dominion Valley Drive,Station 24 - 1st Due,0.190769231,0.030153085,0.016858917,0.015797032,0.020747889,0.025941939,0.001914792,0.028721877,0.020228536,0.02804612,0.055,0.0,0.048348492,0.020168856,0.007035647,0.0,0.004786979,0.805435454,0.234679666,0.883,335535.6132,0.0,48.0421074,0.652837096,0.037217816,0.042708969,0.002135448,0.250152532,0.173913044,1.521739131,0.0,0.043478261,0.086956522,0.0,0.0,0.260869565,0.0,0.0,0.043478261,0.260869565,0.347826087,0.0,0.304347826,0.086956522,6.998020492,54.03059,0.124894709,5.951835481,5.064661754,0.0,0.0,1991.348808,0.0,0.0,878,229,10,0,4,0.0648177,0.054817789,0.100525015,0.055050263,0.0,6380,39.5,73.1,22.8,50.4,0.596089215,96.4,0.087228842,0.088298197,1.0,With_PublicAssIncome_P,0.001914792,-1.3293284891175514,5.0,Mean_Proportion_HHIncome,0.234679666,-1.4474256377694539,3.0,Work_Carpooled_P,0.037217816,-1.3359097545242384,Mean_Transportation_time(min),48.0421074,1.0398715983446918,Work_Walk_P,0.002135448,-0.5074338723337861,4.0,Percent_Senior_Related,0.347826087,2.3368647520855723,Percent_Workzone_Related,0.086956522,0.8363981851870644,Percent_Speed_Related,0.260869565,0.681952862730053,6.0,NO2,5.951835481,0.2269839059741337,,,,,,,2.0,CPR_Calls,4.0,0.18639312824915769,0.0,Prop_White,0.596089215,1.0982805525610835,Child_Dependency_Ratio,50.4,0.8726910904107313,Age_Dependency_Ratio,73.1,0.41921031795622316,With_Medicaid_P,0.02804612,-1.2249846777839017,LOWINCPCT,0.030153085,-1.2193296219595524,E_HBURD_P,0.048348492,-1.3325297478986935,E_CROWD_P,0.004786979,-0.8194944040529534,,,,,,
51153901511,Less Opportunity,1,Socioeconomic,GAINESVILLE,Haymarket,Mountain View Estates,Station 24 - 1st Due,0.175384615,0.017804154,0.018308081,0.005297234,0.024405705,0.015978087,0.008828723,0.023543261,0.018488929,0.024289643,0.06,0.005720824,0.079458505,0.028032037,0.1298627,0.0,0.0,0.986076238,0.215909091,0.978,199647.0654,0.011183049,46.34615385,0.615631006,0.098654709,0.013452915,0.00512492,0.267136451,0.222222222,1.444444444,0.111111111,0.0,0.111111111,0.0,0.0,0.111111111,0.0,0.0,0.111111111,0.333333333,0.333333333,0.0,0.222222222,0.0,6.993227049,54.23153,0.108891426,5.672076161,4.43262802,0.0,0.09689622,1330.829672,0.0,0.0,1372,449,8,1,1,0.125343721,0.015978087,0.335539831,0.006474397,0.0,4515,50.8,133.3,80.0,53.3,0.730334683,89.4,0.08036666,0.062673204,1.0,LIFEEXPPCT,0.175384615,-0.16588899368104618,5.0,E_MUNIT_P,0.1298627,0.04788849501867789,4.0,Work_PublicTransportation_P,0.013452915,-0.7842447884597197,Mean_Transportation_time(min),46.34615385,0.7554824773722026,Work_Walk_P,0.00512492,-0.3386050507516013,3.0,Percent_Senior_Related,0.333333333,2.153603905145584,Percent_Young_Related,0.333333333,1.2483370714183653,Percent_Severe/Fatal,0.222222222,1.1465022736915225,6.0,PM25,6.993227049,-1.8850593579285904,DSLPM,0.108891426,-1.6131234046935794,UST,0.09689622,-0.9327816586552624,2.0,Chronic_History,449.0,0.8262962606423709,0.0,Age_Dependency_Ratio,133.3,2.7675004210903875,OVER64PCT,0.335539831,2.659400249647147,Old-age_Dependency_Ratio,80.0,2.392186161956122,,,,,,,,,,,,,,,,,,
51153901601,Exceptional Opportunity,7,Socioeconomic,GAINESVILLE,Manassas,West Gate of Lomond,Station 11 - 1st Due,0.191794872,0.4376491,0.042202779,0.030563515,0.239407509,0.228455631,0.141356256,0.045845272,0.235708191,0.234395179,0.153,0.013805004,0.323782235,0.09663503,0.082830026,0.0,0.076408787,0.736762807,0.472032374,0.746,857631.2688,0.047755492,37.23778308,0.809921962,0.085284281,0.004459309,0.0,0.064659978,0.075268817,1.784946237,0.053763441,0.129032258,0.161290323,0.021505376,0.010752688,0.150537634,0.075268817,0.032258065,0.021505376,0.139784946,0.150537634,0.032258065,0.311827957,0.0,7.2851,54.98499,0.169661101,5.00951769,25.20182499,0.270620022,1.414586791,3216.915637,0.0,0.564792941,1547,237,21,6,4,0.090185105,0.097696246,0.134172355,0.106972302,0.008959044,3651,35.5,75.3,25.5,49.8,0.286198547,78.7,0.071186441,0.544794189,1.0,LOWINCPCT,0.4376491,2.197223951904715,5.0,Mean_Proportion_HHIncome,0.472032374,1.8458355553823202,3.0,Work_Drivealone_P,0.809921962,1.9884795916418316,Work_PublicTransportation_P,0.004459309,-1.217405196933064,Work_Fromhome_P,0.064659978,-1.1479270016872782,4.0,Percent_Alcohol_Related,0.129032258,0.8588168783104881,Percent_Bike_Related,0.032258065,0.48795787479990677,Avg_Person_Injured/Kill,1.784946237,0.36178395046602846,6.0,PRMP,0.564792941,2.7077519288108087,PM25,7.2851,1.1718273969641702,PTSDF,0.270620022,0.29658813056560934,2.0,CPR_Calls,4.0,0.18639312824915769,0.0,Prop_Hisp,0.544794189,1.9013965874710537,UNDER5PCT,0.097696246,1.0200783427678484,Total_Population,3651.0,-1.0196627064292394,With_PublicAssIncome_P,0.141356256,1.9533632803710623,LESSHSPCT,0.239407509,1.7811751399327262,House_Vacant_P,0.09663503,1.6896277394304167,E_CROWD_P,0.076408787,1.292824893449749,,,,,,
51153901602,Exceptional Opportunity,8,PublicHealth,GAINESVILLE,Manassas,Sudley,Station 11 - 1st Due,0.2,0.227852672,0.014952888,0.094764998,0.161139217,0.100990808,0.052732136,0.076041269,0.132744419,0.146233735,0.104,0.057699656,0.243408483,0.0,0.149789836,0.0,0.01987008,0.650471529,0.332037815,0.613,928369.685,0.017195262,35.37601863,0.684498736,0.130791912,0.043807919,0.00800337,0.095408593,0.138888889,1.777777778,0.06944444500000001,0.069444444,0.199074074,0.013888889,0.013888889,0.162037037,0.111111111,0.0,0.115740741,0.152777778,0.175925926,0.018518519,0.240740741,0.12962963,7.28524918,55.07397,0.195442558,5.234291653,23.28617087,0.240638283,2.432157653,3460.985886,0.0,1.217278623,2894,488,88,24,10,0.068759699,0.073176555,0.086427122,0.034390524,0.0,7912,34.0,48.5,13.1,35.4,0.292500603,113.8,0.130214613,0.423318061,2.0,With_SSI_P,0.076041269,2.177131822468592,5.0,percent_homeowners,0.613,-0.5789695779514142,4.0,Work_Fromhome_P,0.095408593,-0.7237519484105782,PTRAF,928369.685,0.32431622234339447,Work_Walk_P,0.00800337,-0.17604613684197445,3.0,Percent_Workzone_Related,0.12962963,1.5012335433691266,Percent_Hitrun_Related,0.111111111,0.917685902175544,Percent_Lgtruck_Related,0.115740741,0.8499258181463863,6.0,PRMP,1.217278623,6.454427375792707,PM25,7.28524918,1.1733898108998673,DSLPM,0.195442558,0.9112796809016193,1.0,Opioid_Calls,24.0,2.8836111170896754,0.0,Prop_Hisp,0.423318061,1.1053130982928665,Sex_Ratio(males per 100 females),113.8,0.5979719672037228,UNDER5PCT,0.073176555,0.1711582023616645,LESSHSPCT,0.161139217,0.7595023400099296,LINGISOPCT,0.094764998,0.5978196590664528,Owner_occupied_P,0.650471529,-0.4706430382026955,E_HBURD_P,0.243408483,0.4035176371616961,CPR_Calls,10.0,2.0571023426770667,Violence_Calls,88.0,1.8280429349417626
51153901702,Exceptional Opportunity,7,Socioeconomic,GAINESVILLE,Manassas,Yorkshire Park,Station 8 - 1st Due,0.226666667,0.337302446,0.121312838,0.181013677,0.350798959,0.170437406,0.054706356,0.038616251,0.320189614,0.169388199,0.157,0.109727626,0.222043443,0.032684825,0.0,0.157198444,0.144810941,0.617108382,0.270402299,0.629,790502.577,0.065164924,38.84419552,0.709142587,0.13263856,0.028422549,0.056371388,0.069635244,0.117647059,1.803921569,0.078431373,0.156862745,0.196078431,0.0,0.0,0.31372549,0.156862745,0.058823529,0.078431373,0.156862745,0.078431373,0.0,0.215686275,0.0,7.319180328,55.21243,0.154791464,4.23155093,21.55549251,0.247024691,0.465801107,2401.566183,0.0,0.305181372,900,179,38,14,0,0.111038537,0.054729584,0.07778496,0.08608206,0.0,4815,30.8,56.8,12.0,44.7,0.23573017,118.9,0.038299975,0.657524092,1.0,LESSHSPCT,0.350798959,3.235220088415315,5.0,E_MOBILE_P,0.157198444,4.62467154517548,3.0,E_NOVEH_P,0.065164924,1.7349867197240836,Work_Fromhome_P,0.069635244,-1.0792935454936983,Work_Drivealone_P,0.709142587,0.3586763959944867,4.0,Percent_Hitrun_Related,0.156862745,1.734783271325314,Percent_Alcohol_Related,0.156862745,1.3815633389398272,Percent_Speed_Related,0.31372549,1.2363161637112665,6.0,PM25,7.319180328,1.528762504889264,PRMP,0.305181372,1.2170214527898082,OZONE,55.21243,0.4342072076987011,2.0,Opioid_Calls,14.0,1.1906167152246458,0.0,Prop_Hisp,0.657524092,2.6401624338351937,Sex_Ratio(males per 100 females),118.9,0.8673090575483391,DISABILITYPCT,0.111038537,0.8443956722480972,E_UNINSUR_P,0.320189614,2.8284234378251125,UNEMPPCT,0.121312838,2.4594235356530243,E_CROWD_P,0.144810941,3.3101879553393854,Owner_occupied_P,0.617108382,-0.6221981254562708,Violence_Calls,38.0,0.18373368567854248,,,
51153901703,Less Opportunity,2,PublicHealth,GAINESVILLE,Manassas,Stonewall Acres,Station 11 - 1st Due,0.185641026,0.236174636,0.0,0.0,0.249219238,0.033085194,0.078869048,0.03422619,0.203473945,0.156741108,0.051,0.261603376,0.221726191,0.054852321,0.0,0.0,0.0,0.990074442,0.45,0.989,861200.6182,0.03125,32.67454955,0.758290346,0.184966839,0.015475313,0.0,0.018422992,0.149253731,1.5223880600000002,0.029850746,0.164179105,0.194029851,0.014925373,0.029850746,0.268656716,0.014925373,0.0,0.029850746,0.253731343,0.149253731,0.044776119,0.402985075,0.0,7.290986612,54.88631,0.156700918,5.31143107,25.87427702,0.265225306,1.56277071,3021.68829,0.0,0.332388705,644,137,15,3,1,0.055417701,0.038461538,0.097187758,0.020833333,0.0,2574,36.2,54.9,15.0,39.9,0.317161477,104.8,0.076755974,0.484793628,4.0,LESSHSPCT,0.249219238,1.9092522498754563,3.0,PRE1960PCT,0.261603376,2.2528858780320435,2.0,Work_Fromhome_P,0.018422992,-1.7857630798294657,Work_Drivealone_P,0.758290346,1.153493536675361,Work_PublicTransportation_P,0.015475313,-0.6868397271555359,6.0,Percent_Alcohol_Related,0.164179105,1.5189882174441118,Percent_Night_Related,0.402985075,1.293855875476888,Percent_Bike_Related,0.044776119,0.9677965732426566,5.0,PRMP,0.332388705,1.3732502396292419,PM25,7.290986612,1.2334799282876145,PTSDF,0.265225306,0.2738127473414311,1.0,Chronic_History,137.0,-1.1993257280397207,0.0,Total_Population,2574.0,-1.6989488070513927,Prop_Hisp,0.484793628,1.5081880061642088,Sex_Ratio(males per 100 females),104.8,0.12267121953675368,E_UNINSUR_P,0.203473945,1.3188741597003724,LOWINCPCT,0.236174636,0.5080091505732524,Mean_Proportion_HHIncome,0.45,1.540137074422895,House_Vacant_P,0.054852321,0.46985768570032893,Total_Calls,644.0,-0.9161453303557013,CPR_Calls,1.0,-0.7489614789647969
51153901704,Exceptional Opportunity,8,PublicHealth,BRENTSVILLE,Manassas,Manassas,Station 11 - 1st Due,0.185641026,0.364425505,0.068151684,0.318533815,0.247506379,0.168185962,0.075890552,0.032524522,0.391522334,0.185382161,0.152,0.083254939,0.375838926,0.088899341,0.362652869,0.0,0.069179143,0.42374943,0.342469352,0.39,872022.2329,0.044398554,33.65094023,0.608721805,0.217744361,0.0,0.068571429,0.104962406,0.07594936699999999,1.8227848100000001,0.063291139,0.113924051,0.227848101,0.037974684,0.025316456,0.164556962,0.151898734,0.012658228,0.037974684,0.151898734,0.151898734,0.037974684,0.329113924,0.0,7.278997268,54.82831,0.177788097,5.647360407,29.43113879,0.275623941,7.353389459,3546.259768,0.0,0.439333507,2902,253,106,16,6,0.090107886,0.109693102,0.112123974,0.07537429,0.000759648,7116,32.7,65.4,18.1,47.2,0.175634071,150.0,0.114206128,0.568391731,2.0,LINGISOPCT,0.318533815,4.328189771898666,4.0,E_HBURD_P,0.375838926,1.5821577216500573,3.0,Work_PublicTransportation_P,0.0,-1.4321795719667114,E_NOVEH_P,0.044398554,0.8648732076919382,Work_Fromhome_P,0.104962406,-0.5919577476548489,5.0,Percent_Hitrun_Related,0.151898734,1.6461289441699056,Percent_Drowsy_Related,0.037974684,0.7779084627442786,Percent_Bike_Related,0.037974684,0.7070857856120101,6.0,UST,7.353389459,4.052823416631646,PRMP,0.439333507,1.9873441192183738,PM25,7.278997268,1.1079113658432909,1.0,Violence_Calls,106.0,2.4199942646765216,0.0,Sex_Ratio(males per 100 females),150.0,2.509737196708643,Prop_Hisp,0.568391731,2.0560410750809055,UNDER5PCT,0.109693102,1.4354331969522984,E_UNINSUR_P,0.391522334,3.75100955591243,LESSHSPCT,0.247506379,1.886893496340845,percent_homeowners,0.39,-1.5445934996855166,Owner_occupied_P,0.42374943,-1.5005485053415917,Opioid_Calls,16.0,1.5292155955976519,Total_Calls,2902.0,1.3287338404996145
51153901900,High Opportunity,6,Socioeconomic,COLES,Manassas,Yorkshire Acres,Station 8 - 1st Due,0.191794872,0.262259024,0.028372093,0.123003884,0.230222222,0.1719498,0.047475183,0.038411739,0.260059516,0.191658004,0.108,0.041211102,0.318083729,0.025651808,0.373843566,0.004205214,0.068191627,0.457124352,0.283114962,0.498,923239.3439,0.014242555,36.78627145,0.76620591,0.144184938,0.0021449,0.0,0.083889418,0.113207547,1.779874213,0.06918239000000001,0.075471698,0.188679245,0.018867925,0.0,0.106918239,0.056603774,0.006289308,0.075471698,0.132075472,0.157232704,0.006289308,0.283018868,0.0,7.341177869,55.40999,0.165069521,5.161822333,18.63466229,0.234924353,4.298004764,2035.376052,0.0,0.200458642,1635,310,48,14,5,0.058731809,0.09509639,0.07413637,0.157099698,0.001164446,8141,30.7,59.8,11.9,47.9,0.24565615,119.1,0.109396433,0.433470508,1.0,E_UNINSUR_P,0.260059516,2.050727119865697,3.0,E_MUNIT_P,0.373843566,1.519299441594519,5.0,Work_PublicTransportation_P,0.0021449,-1.3288744282752403,Work_Drivealone_P,0.76620591,1.2815039703831623,Work_Fromhome_P,0.083889418,-0.8826581843281516,4.0,Avg_Person_Injured/Kill,1.779874213,0.3428408104908119,Percent_Lgtruck_Related,0.075471698,0.08034578785968532,Avg_Pedestrian_Injured/Kill,0.06918239000000001,0.01201606792017814,6.0,UST,4.298004764,1.953608142719924,PM25,7.341177869,1.7591503893873752,OZONE,55.40999,0.7083501412814834,2.0,Opioid_Calls,14.0,1.1906167152246458,0.0,E_SNGPNT_P,0.157099698,2.1212261150025724,Prop_Hisp,0.433470508,1.1718462975685018,UNDER5PCT,0.09509639,0.9300661921026603,LESSHSPCT,0.230222222,1.6612752718305266,LINGISOPCT,0.123003884,1.0685800526117073,Owner_occupied_P,0.457124352,-1.348939929094535,percent_homeowners,0.498,-1.0769370712223638,Violence_Calls,48.0,0.5125955355311865,CPR_Calls,5.0,0.4981779973204759
