ID,PEOPCOLORPCT,LOWINCPCT,UNEMPPCT,DISABILITYPCT,LINGISOPCT,LESSHSPCT,UNDER5PCT,OVER64PCT,LIFEEXPPCT,PRE1960PCT,PM25,OZONE,DSLPM,RSEI_AIR,PTRAF,PTSDF,UST,PWDIS,NO2,DWATER,PNPL,PRMP,E_TOTPOP,E_HU,E_HH,E_POV150_P,E_UNINSUR_P,E_HBURD_P,E_SNGPNT_P,E_MUNIT_P,E_MOBILE_P,E_CROWD_P,E_NOVEH_P,E_GROUPQ_P,SVI_statewide,House_Vacant_P,With_Medicaid_P,Work_Drivealone_P,Work_Carpooled_P,Work_PublicTransportation_P,Work_Walk_P,Work_Taximotorbike_P,Work_Fromhome_P,With_PublicAssIncome_P,With_SSI_P,Mean_Transportation_time(min),Mean_Proportion_HHIncome,Owner_occupied_P,Total_Crash,Percent_Fatal_Injury,Percent_Severe_Injury,Percent_Visible_Injury,Percent_Nonvisible_Injury,Avg_Kill_Person,Avg_Kill_Pedestrian,Avg_Injured_Person,Avg_Injured_Pedestrian,Percent_Workzone_Related,Percent_Schoolzone_Related,Percent_Alcohol_Related,Percent_Animal_Related,Percent_Unrestrained_Related,Percent_Bike_Related,Percent_Distracted_Related,Percent_Drowsy_Related,Percent_Drug_Related,Percent_Guardrail_Related,Percent_Hitrun_Related,Percent_Lgtruck_Related,Percent_Motorcycle_Related,Percent_Pedestrian_Related,Percent_Speed_Related,Percent_Senior_Related,Percent_Young_Related,Percent_Mainline_Related,Percent_Night_Related,Percent_Urban_Crash,Total_Population,Median_Age,Sex_Ratio(males per 100 females),Age_Dependency_Ratio,Old-age_Dependency_Ratio,Child_Dependency_Ratio,Num_School,Num_Fire_Station,Num_Library,Num_Hospital,Num_Worship,Num_Shopping_Center,Prop_Hisp,Prop_White,Prop_Black,Prop_American_Native,Prop_Asian,Prop_Hawaiian,Prop_Onemorerace,percent_food_insecure,percent_homeowners,SFPC,VMC,Vegetation Ordinance,total_population,percent_food_insecure.1,percent_homeowners.1,1st Due,District,City,Neighborhood,Total_Calls,Total_EMS_Calls,Fire_Calls,Structure_Fire_Calls,Overdose_Calls,CPR_Calls,Stroke_Patients,Cardiac_Patients,Diabetic_Patients,Respiratory_Patients,Blood_Pressure_Patients,High_Cholesterol_Patients,Primary_Fire_Station,Shootings,Stabbings,Assaults,Attempted_Suicide,Auto_Accidents,Opioid_Calls,High_Volume_Utilizer_Calls,High_Volume_Utilizer_Percent,Domestic,Homeless
51153900100,0.501236858,0.07668522,0.006586826,0.095916429,0.033354715,0.044565217,0.0572047,0.299319728,0.182564103,0.045257285,7.117336885,55.85079,0.17022229,58.79563204,1048284.539,0.535742038,0.55291834,2955.696985,5.941893021,0.0,0.150438512,0.199625414,3234,1613,1559,0.031539889,0.061842919,0.116100064,0.007697242,0.275883447,0.0,0.004490058,0.007055805,0.0,0.1777,0.033477991,0.070275404,0.614619883,0.025730994,0.052046784,0.0,0.074853801,0.232748538,0.020525978,0.053239256,45.51067073,0.236877828,0.840136054,16.0,0.0,0.125,0.8125,0.0625,0.0,0.0,1.4375,0.125,0.0,0.0,0.0,0.0,0.0,0.0625,0.125,0.0,0.0625,0.0,0.0,0.0625,0.125,0.125,0.125,0.3125,0.1875,1.0,0.1875,1.0,3001,54.6,99.0,63.1,48.6,14.5,1,0,0,0,0,0,0.161418526,0.504738612,0.164781412,0.000917151,0.101192296,0.000611434,0.058697646,0.074,0.865,33.0,8.0,6.0,3001,0.074,0.865,Station 2 - 1st Due,WOODBRIDGE,Dale City,Bayside Park,1259,797,326,11,6,4,27,41,52,30,81,16,Primary Fire Station - Station 2,2,1,14,7,33,3,7,0.6,0,1
51153900201,0.77181483,0.327175698,0.06742281,0.154356846,0.096774194,0.133783784,0.032363785,0.072101598,0.217435897,0.112476371,7.212371585,56.00132,0.246330689,47.18831416,1939166.587,0.506328415,5.158355947,1608.187692,7.430988248,0.0,0.107441159,0.212286876,2441,1058,961,0.255632937,0.110200737,0.387096774,0.097814776,0.371455577,0.0,0.069719043,0.01144641,0.002048341,0.8996,0.09168242,0.195850622,0.683366734,0.10754843,0.016700067,0.015364061,0.0,0.177020708,0.08012487,0.037460978,40.84618506,0.353118812,0.530788177,85.0,0.0,0.152941177,0.8,0.047058824,0.0,0.0,1.752941176,0.047058824,0.011764706,0.011764706,0.070588235,0.011764706,0.011764706,0.023529412,0.082352941,0.011764706,0.0,0.058823529,0.094117647,0.023529412,0.047058824,0.047058824,0.211764706,0.117647059,0.141176471,0.894117647,0.352941177,1.0,3180,36.3,69.1,51.9,14.0,38.0,0,0,0,0,6,5,0.374169742,0.259409594,0.225092251,0.001476015,0.092250923,0.001476015,0.041697417,0.154,0.488,18.0,11.0,7.0,3180,0.154,0.488,Station 2 - 1st Due,WOODBRIDGE,Dale City,Marumsco Village,1042,800,199,16,22,3,11,28,42,23,69,8,Primary Fire Station - Station 2,0,0,44,11,163,7,5,0.5,2,9
51153900202,0.731086324,0.276915616,0.048494329,0.039678676,0.135111111,0.171480144,0.040979631,0.066440349,0.169230769,0.584518167,7.216208197,55.82964,0.243887459,42.40539441,1942872.958,0.323682439,2.421485001,1481.485726,7.024271642,0.0,0.100379162,0.197936753,4124,1266,1125,0.030310378,0.185741998,0.193777778,0.038222222,0.16192733,0.004739336,0.0,0.012444444,0.0,0.4794,0.111374408,0.155063291,0.756890169,0.126696833,0.00987248,0.0,0.040312629,0.06622789,0.122666667,0.0,35.77643172,0.258486239,0.841901067,110.0,0.009090909,0.1,0.727272727,0.163636364,0.009090909,0.0,1.7,0.045454545,0.009090909,0.018181818,0.072727273,0.0,0.045454545,0.0,0.272727273,0.018181818,0.027272727,0.045454545,0.118181818,0.081818182,0.027272727,0.045454545,0.3,0.163636364,0.190909091,0.954545455,0.309090909,1.0,3520,37.0,119.2,47.5,16.5,31.0,1,1,0,0,6,0,0.591713109,0.202326145,0.088441968,0.001453841,0.07632663,0.001211534,0.036103707,0.074,0.824,5.0,6.0,7.0,3520,0.074,0.824,Station 2 - 1st Due,WOODBRIDGE,Dale City,Marumsco Village,1188,923,180,13,15,4,23,38,61,41,89,12,Primary Fire Station - Station 2,2,0,30,8,168,11,70,5.9,4,4
51153900203,0.889300501,0.301154936,0.042467591,0.100787057,0.143669986,0.191298094,0.095227718,0.057528873,0.206153846,0.10210396,7.197157923,55.83719,0.217923803,45.32269551,1432192.241,0.257901881,1.43282189,1696.97799,7.046775897,0.0,0.10855256,0.0,4589,1616,1406,0.230115494,0.181085204,0.343527738,0.092460882,0.611386139,0.0,0.084637269,0.007823613,0.001307474,0.9014,0.129950495,0.225841714,0.767241379,0.081135903,0.019269777,0.061866126,0.036004057,0.034482759,0.076102418,0.077524893,39.43759832,0.339889416,0.101680122,61.0,0.032786885,0.180327869,0.721311475,0.06557377,0.032786885,0.016393443,1.655737705,0.098360656,0.032786885,0.098360656,0.229508197,0.0,0.049180328,0.032786885,0.262295082,0.016393443,0.0,0.0,0.196721312,0.049180328,0.06557377,0.114754098,0.213114754,0.098360656,0.098360656,1.0,0.409836066,1.0,4891,29.3,76.8,69.6,7.2,62.5,1,0,0,0,3,0,0.482937685,0.104599407,0.283753709,0.00018546,0.073442136,0.00111276,0.048034125,0.163,0.075,6.0,12.0,5.0,4891,0.163,0.075,Station 2 - 1st Due,WOODBRIDGE,Dale City,Woodbridge,1608,1203,234,28,34,1,25,48,66,50,87,18,Primary Fire Station - Station 2,9,4,101,12,63,16,30,1.9,3,8
51153900301,0.55638237,0.232398397,0.092181467,0.134315425,0.093147039,0.109263658,0.048368632,0.089009731,0.180512821,0.198136646,7.243385246,56.03626,0.250596623,42.57440461,1980590.732,0.455011814,5.261958187,749.7767363,6.979261768,0.0,0.039346429,0.23544811,3494,1610,1503,0.209502003,0.090440756,0.275449102,0.079174983,0.224844721,0.0,0.012641384,0.055222888,0.0,0.7464,0.066459627,0.172154824,0.61707989,0.089256198,0.072727273,0.076584022,0.008815427,0.13553719,0.088489687,0.02328676,37.58444869,0.345895522,0.603892387,165.0,0.012121212,0.048484848,0.872727273,0.066666667,0.018181818,0.0,1.545454545,0.018181818,0.018181818,0.006060606,0.048484848,0.0,0.066666667,0.0,0.151515152,0.042424242,0.0,0.03030303,0.066666667,0.139393939,0.048484848,0.018181818,0.357575758,0.157575758,0.175757576,0.951515152,0.363636364,1.0,3514,37.8,93.4,41.8,15.3,26.4,1,0,0,1,3,3,0.201151166,0.45743714,0.17206907,0.004241139,0.099363829,0.003332324,0.057255377,0.184,0.685,8.0,21.0,1.0,3514,0.184,0.685,Station 2 - 1st Due,OCCOQUAN,Dale City,Woodbridge,1413,1076,245,20,23,4,14,41,58,26,87,21,Primary Fire Station - Station 2,1,1,22,12,362,3,2,0.1,1,6
51153900302,0.69760205,0.289380696,0.00859423,0.098865784,0.066008083,0.171858501,0.048142046,0.064616511,0.180512821,0.015879828,7.232929781,55.79823,0.248440548,40.20947831,1876875.904,0.286848501,2.458813027,839.2163909,7.404631107,0.0,0.0,0.195784515,5463,2330,2227,0.224235768,0.111111111,0.26986978,0.119892232,0.193991416,0.056652361,0.04220925,0.014369106,0.0,0.7987,0.044206009,0.188657845,0.687334705,0.066118131,0.058771672,0.0,0.022039377,0.165736115,0.055680287,0.017063314,43.30398027,0.351252053,0.537250595,250.0,0.012,0.076,0.812,0.1,0.012,0.004,1.664,0.04,0.036,0.0,0.052,0.0,0.044,0.004,0.208,0.052,0.016,0.084,0.06,0.112,0.044,0.032,0.256,0.152,0.148,0.944,0.312,1.0,5032,37.8,94.7,53.6,14.5,39.1,0,0,0,2,5,1,0.270884023,0.24785077,0.291484185,0.001784266,0.126520681,0.000486618,0.054987835,0.142,0.486,21.0,21.0,9.0,5032,0.142,0.486,Station 20 - 1st Due,OCCOQUAN,Dale City,Lake Ridge,2804,2363,317,23,51,1,35,58,84,60,131,33,Primary Fire Station - Station 20,1,0,38,19,353,9,71,2.5,0,7
51153900403,0.752579008,0.254022989,0.054404946,0.103629496,0.103076923,0.151957209,0.127231046,0.125921074,0.16,0.051192843,7.208924863,55.47455,0.178071521,34.71307642,1311404.74,0.09824936,2.968459601,1223.102014,7.419461825,0.0,0.078182302,0.0,6107,2012,1950,0.198460783,0.070247257,0.315897436,0.015384615,0.203777336,0.0,0.033333333,0.056923077,0.004584903,0.845,0.030815109,0.205780916,0.629923866,0.239324727,0.03939093,0.003641178,0.004303211,0.083416087,0.166153846,0.06,36.82104317,0.48960396,0.828096726,575.0,0.008695652,0.092173913,0.827826087,0.071304348,0.008695652,0.003478261,1.820869565,0.022608696,0.033043478,0.015652174,0.066086957,0.0,0.057391304,0.00173913,0.213913044,0.022608696,0.006956522,0.045217391,0.060869565,0.053913043,0.031304348,0.026086957,0.170434783,0.142608696,0.194782609,0.972173913,0.297391304,1.0,5789,36.6,95.9,66.4,19.7,46.7,1,1,0,2,13,18,0.381441441,0.210990991,0.232792793,0.002702703,0.112072072,0.0,0.051171171,0.096,0.732,181.0,39.0,12.0,5789,0.096,0.732,Station 20 - 1st Due,OCCOQUAN,Dale City,Potomac Mills,8244,6442,1390,47,139,18,80,131,249,160,319,99,Primary Fire Station - Station 20,6,6,178,43,1159,35,290,3.5,10,76
51153900404,0.85022799,0.354005622,0.089608177,0.08135833,0.199541284,0.218958611,0.052086987,0.081024202,0.164102564,0.053650442,7.205901366,55.28439,0.173518369,32.82387659,1072587.897,0.024933455,1.103061651,1128.579837,6.966819502,0.0,0.102979571,0.0,5702,1808,1744,0.265345493,0.235180638,0.324541284,0.122706422,0.071902655,0.0,0.038990826,0.006880734,0.000701508,0.894,0.03539823,0.227095861,0.69431988,0.12406577,0.032511211,0.016442451,0.032884903,0.099775785,0.130160551,0.029243119,47.32890917,0.375235849,0.710951211,113.0,0.008849558,0.097345133,0.85840708,0.03539823,0.008849558,0.0,1.840707965,0.044247788,0.0,0.017699115,0.088495575,0.0,0.07079646,0.03539823,0.194690266,0.017699115,0.026548673,0.026548673,0.061946903,0.03539823,0.017699115,0.044247788,0.097345133,0.132743363,0.203539823,1.0,0.247787611,1.0,5893,35.4,76.2,56.8,14.7,42.1,2,0,0,2,2,2,0.524683122,0.197631755,0.151767845,0.002168112,0.069046031,0.001000667,0.036357572,0.132,0.786,3.0,16.0,15.0,5893,0.132,0.786,Station 10 - 1st Due,NEABSCO,Dale City,Forestdale,1695,1354,221,20,38,5,32,64,104,60,141,29,Primary Fire Station - Station 10,5,0,47,23,187,11,27,1.6,4,2
51153900407,0.823247285,0.276343631,0.069092697,0.087767102,0.071365248,0.146657572,0.097898152,0.087318381,,0.044769874,7.202148634,55.18307,0.170696031,29.93241569,960221.5154,0.0,3.055211956,31.74779747,6.265945822,0.0,0.123719695,0.0,7089,2390,2256,0.167865707,0.131894484,0.349734043,0.063829787,0.390376569,0.0,0.117907801,0.01462766,0.0,0.8237,0.056066946,0.242219991,0.722381823,0.054844607,0.024027161,0.004439802,0.014886393,0.179420214,0.120567376,0.026595745,43.94493953,0.321158587,0.446748484,101.0,0.0,0.099009901,0.841584158,0.059405941,0.0,0.0,1.940594059,0.079207921,0.0,0.00990099,0.059405941,0.0,0.03960396,0.0,0.198019802,0.0,0.0,0.0,0.02970297,0.03960396,0.03960396,0.069306931,0.118811881,0.178217822,0.306930693,1.0,0.346534654,1.0,6916,32.5,95.2,53.8,13.3,40.5,1,0,0,0,3,0,0.349248065,0.164841583,0.329975179,0.001752081,0.106584903,0.000584027,0.037961746,0.119,0.48,3.0,8.0,7.0,6916,0.119,0.48,Station 17 - 1st Due,NEABSCO,Dale City,Evansdale,1658,1270,243,25,29,4,35,63,90,59,142,36,Primary Fire Station - Station 17,3,3,57,15,116,8,47,2.8,4,3
51153900408,0.674728159,0.068616423,0.033874382,0.081797668,0.091916558,0.101277372,0.131983502,0.069553806,0.178461538,0.061442006,7.191485792,55.15391,0.157985338,29.17011798,816841.4259,0.0,0.0,485.9194125,5.89665489,0.0,0.131832714,0.0,5334,1595,1534,0.058492688,0.120734908,0.133637549,0.035853977,0.0,0.0,0.132333768,0.016297262,0.0,0.391,0.038244514,0.203647988,0.710791926,0.114518634,0.024456522,0.009704969,0.009704969,0.130822981,0.129074316,0.004563233,45.27020992,0.258561644,0.799400075,11.0,0.181818182,0.181818182,0.636363636,0.0,0.181818182,0.0,1.272727273,0.0,0.0,0.0,0.181818182,0.0,0.090909091,0.0,0.272727273,0.0,0.0,0.0,0.0,0.181818182,0.0,0.0,0.181818182,0.181818182,0.272727273,1.0,0.363636364,1.0,5473,33.2,111.3,63.7,11.9,51.8,0,0,0,0,0,0,0.259787234,0.245106383,0.302765957,0.000851064,0.123829787,0.001489362,0.055531915,0.092,0.857,0.0,1.0,4.0,5473,0.092,0.857,Station 17 - 1st Due,NEABSCO,Dale City,Neabsco Hills,789,601,126,10,14,2,18,41,58,25,90,13,Primary Fire Station - Station 17,1,0,19,8,20,4,19,2.4,0,1
51153900409,0.858085149,0.121382637,0.024560239,0.104966821,0.091830272,0.234729494,0.029982011,0.121726964,0.206153846,0.0,7.189668306,55.24277,0.160766455,31.51438735,953881.3149,0.0,0.0,1444.887787,6.513326571,0.0,0.113966102,0.0,5003,1603,1579,0.074155507,0.13931641,0.191893604,0.026599113,0.0,0.0,0.013932869,0.02279924,0.0,0.3994,0.014971928,0.097124472,0.686714237,0.159700985,0.010873259,0.0,0.059463133,0.083248386,0.060797973,0.01139962,41.33061527,0.353438395,0.732560464,40.0,0.0,0.075,0.875,0.05,0.0,0.0,1.8,0.1,0.0,0.0,0.1,0.0,0.15,0.0,0.175,0.025,0.025,0.05,0.1,0.075,0.025,0.075,0.125,0.05,0.3,1.0,0.375,1.0,4834,40.4,74.6,48.7,18.6,30.2,1,1,0,0,2,0,0.4571325,0.187239442,0.220047127,0.000181258,0.088091354,0.001450063,0.032082654,0.075,0.82,1.0,4.0,2.0,4834,0.075,0.82,Station 10 - 1st Due,NEABSCO,Dale City,Cloverdale,1254,893,236,17,20,4,23,50,79,41,126,22,Primary Fire Station - Station 10,4,0,25,7,58,4,26,2.1,3,0
51153900410,0.882193176,0.307248345,0.050169109,0.051912568,0.071703561,0.068422482,0.108300798,0.038872857,0.176410256,0.014905149,7.158474044,55.32373,0.176123879,36.39436334,1318504.531,0.042028269,1.822891019,2210.774855,7.097802327,0.0,0.234565584,0.0,5891,2214,2078,0.14904091,0.158037685,0.273820982,0.170837344,0.546070461,0.032520325,0.074590953,0.010105871,0.0,0.8029,0.061427281,0.133196721,0.730066951,0.030127815,0.110772976,0.014303104,0.046256847,0.068472307,0.043792108,0.015880654,40.2245998,0.311626879,0.477338313,249.0,0.020080321,0.092369478,0.78313253,0.104417671,0.02811245,0.0,1.554216867,0.040160643,0.040160643,0.012048193,0.048192771,0.0,0.088353414,0.0,0.144578313,0.012048193,0.008032129,0.088353414,0.088353414,0.136546185,0.044176707,0.040160643,0.421686747,0.120481928,0.168674699,0.907630522,0.345381526,1.0,5588,32.8,92.9,49.5,8.3,41.2,2,0,0,0,3,1,0.209253046,0.132791806,0.490022956,0.000176585,0.1107187,0.001765848,0.049267173,0.112,0.357,25.0,17.0,8.0,5588,0.112,0.357,Station 10 - 1st Due,NEABSCO,Dale City,Brightwood Forest,2216,1696,428,18,30,6,37,54,93,56,126,22,Primary Fire Station - Station 10,7,0,56,14,441,6,132,6.0,6,5
51153900502,0.695422535,0.155176005,0.053894183,0.061759729,0.033806957,0.045620952,0.075899844,0.087050078,0.176410256,0.0,7.152292077,55.49733,0.211705209,44.85417152,1523818.995,0.20549711,2.088257473,2471.517405,7.548125292,0.0,0.220695041,0.0,5112,2130,2041,0.053794992,0.047339593,0.272415483,0.025477707,0.380751174,0.0,0.030377266,0.035766781,0.02543036,0.5664,0.041784038,0.15820643,0.633451957,0.087026852,0.066645099,0.003882239,0.050145584,0.158848269,0.087212151,0.027927487,42.03076923,0.300711662,0.484142915,124.0,0.024193548,0.120967742,0.774193548,0.080645161,0.024193548,0.0,1.782258065,0.024193548,0.032258065,0.008064516,0.080645161,0.0,0.088709677,0.032258065,0.169354839,0.016129032,0.0,0.048387097,0.056451613,0.024193548,0.024193548,0.024193548,0.201612903,0.129032258,0.217741936,0.927419355,0.346774194,1.0,4718,35.9,93.2,47.9,13.2,34.7,1,0,1,1,2,2,0.138098543,0.267175573,0.413832986,0.001387925,0.091834374,0.001156604,0.075873236,0.093,0.483,40.0,36.0,0.0,4718,0.093,0.483,Station 12 - 1st Due,NEABSCO,Dale City,Potomac Town Center,2623,1922,549,25,37,5,19,41,81,37,94,21,Primary Fire Station - Station 12,0,2,38,17,322,8,48,1.8,1,12
51153900503,0.862150144,0.215890411,0.075921909,0.067859022,0.084621644,0.209232097,0.092074287,0.090504839,0.164102564,0.136470588,7.193168306,55.66076,0.217562229,42.095928,1907799.483,0.226708482,1.263350919,2006.137798,7.477478341,0.0,0.12830849,0.0,3823,1275,1229,0.149359142,0.142035051,0.238405208,0.056143206,0.407058824,0.0,0.068348251,0.007323027,0.0,0.7894,0.036078431,0.2256707,0.626404494,0.169007491,0.03511236,0.027153558,0.06835206,0.073970037,0.014646054,0.0,46.74418605,0.326337638,0.698404395,143.0,0.013986014,0.06993007,0.776223776,0.13986014,0.013986014,0.006993007,1.65034965,0.006993007,0.0,0.013986014,0.041958042,0.0,0.055944056,0.0,0.223776224,0.027972028,0.006993007,0.097902098,0.083916084,0.090909091,0.027972028,0.013986014,0.363636364,0.160839161,0.160839161,0.93006993,0.181818182,1.0,3787,35.7,100.7,54.1,14.5,39.6,3,1,0,1,2,0,0.454572447,0.188539192,0.237826603,0.001484561,0.083729216,0.0,0.026128266,0.103,0.541,13.0,3.0,2.0,3787,0.103,0.541,Station 12 - 1st Due,WOODBRIDGE,Dale City,Marumsco Hills,1514,1177,266,18,11,4,22,33,52,30,80,30,Primary Fire Station - Station 12,1,1,25,9,244,2,22,1.5,2,1
51153900504,0.86316204,0.468972332,0.19214798,0.126009057,0.212274368,0.236950549,0.050009844,0.111045481,0.164102564,0.120310479,7.177772131,55.69278,0.217556775,45.25113794,1365936.922,0.230626832,2.15025423,2152.487718,7.118523772,0.0,0.110172242,0.0,5079,1546,1385,0.384721402,0.251624336,0.416606498,0.085198556,0.212807245,0.168822768,0.064259928,0.033212996,0.0,0.9903,0.104139715,0.253593227,0.693594646,0.138145316,0.052581262,0.059273423,0.056405354,0.0,0.228158845,0.046209386,38.79899618,0.406262231,0.745619216,49.0,0.040816327,0.102040816,0.836734694,0.020408163,0.040816327,0.020408163,1.816326531,0.142857143,0.102040816,0.0,0.142857143,0.040816327,0.102040816,0.040816327,0.224489796,0.020408163,0.0,0.0,0.12244898,0.040816327,0.0,0.12244898,0.142857143,0.102040816,0.102040816,1.0,0.408163265,1.0,5459,34.3,84.6,68.7,19.1,49.7,0,1,0,0,3,2,0.594471866,0.143731491,0.160908193,0.0017769,0.069299112,0.000987167,0.025468904,0.184,0.667,7.0,6.0,1.0,5459,0.184,0.667,Station 12 - 1st Due,WOODBRIDGE,Dale City,Marumsco Hills,1948,1532,234,24,43,5,27,56,91,66,123,29,Primary Fire Station - Station 12,2,3,81,12,64,14,60,3.1,2,1
51153900601,0.782044199,0.408672409,0.034954407,0.104972376,0.139773895,0.224921278,0.106353591,0.088674033,0.209230769,0.211873081,7.144686885,55.77587,0.200556916,51.94356778,991004.3362,0.243795815,3.204844393,2511.424884,6.613009549,0.0,0.128927425,0.0,3620,977,973,0.380110497,0.286187845,0.351490236,0.175745118,0.030706244,0.0,0.096608428,0.063720452,0.000276243,0.9042,0.004094166,0.317127072,0.725459318,0.031496063,0.056692913,0.028346457,0.052493438,0.105511811,0.065775951,0.102774923,40.00880282,0.353846154,0.893064382,41.0,0.0,0.12195122,0.829268293,0.048780488,0.0,0.0,1.707317073,0.12195122,0.073170732,0.0,0.146341463,0.024390244,0.12195122,0.048780488,0.146341463,0.024390244,0.0,0.0,0.048780488,0.024390244,0.073170732,0.097560976,0.170731707,0.048780488,0.146341463,1.0,0.463414634,1.0,3453,34.2,131.4,42.7,11.7,31.0,1,0,0,0,1,4,0.57164557,0.184050633,0.11721519,0.0,0.09721519,0.000759494,0.022278481,0.119,0.892,5.0,13.0,17.0,3453,0.119,0.892,Station 12 - 1st Due,WOODBRIDGE,Dale City,Marumsco Acres,1025,832,149,12,17,2,18,36,67,28,86,21,Primary Fire Station - Station 12,3,2,25,13,90,5,102,10.0,1,2
51153900602,0.859174568,0.44896821,0.032258065,0.056128293,0.181481481,0.140437158,0.077523703,0.054099275,0.209230769,0.127484578,7.172420219,55.84385,0.215971619,48.63163107,1142798.963,0.287571303,2.758406258,2267.25926,7.022999902,0.0,0.122189658,0.057887864,3586,1459,1350,0.286391523,0.194645845,0.54,0.04,0.605209047,0.093899931,0.077037037,0.058518519,0.0,0.888,0.074708705,0.194158076,0.799474606,0.09938704,0.015323993,0.01882662,0.033274956,0.033712785,0.153333333,0.038518519,41.23584051,0.408023139,0.291411043,71.0,0.014084507,0.098591549,0.85915493,0.028169014,0.014084507,0.014084507,1.816901408,0.154929578,0.23943662,0.0,0.14084507,0.0,0.070422535,0.028169014,0.154929578,0.014084507,0.014084507,0.0,0.126760563,0.042253521,0.056338028,0.154929578,0.183098592,0.084507042,0.197183099,1.0,0.422535211,1.0,3694,27.6,117.4,32.2,7.9,24.3,0,0,0,1,2,1,0.548476454,0.115420129,0.242843952,0.000923361,0.049630656,0.002077562,0.032317636,0.152,0.272,7.0,9.0,3.0,3694,0.152,0.272,Station 2 - 1st Due,WOODBRIDGE,Dale City,Jefferson Plaza,1938,1529,218,23,63,2,25,48,66,51,107,18,Primary Fire Station - Station 2,6,4,83,18,177,13,63,3.3,2,16
51153900701,0.862514188,0.379545455,0.061248528,0.074577727,0.023320158,0.045013421,0.081157775,0.067395006,,0.030529172,7.128559016,55.5346,0.200355687,47.97493187,1153840.255,0.193484377,2.131176596,2850.34223,6.613335613,0.0,0.240154859,0.0,7048,2948,2530,0.20161748,0.121027242,0.264426878,0.149802372,0.295454546,0.013568521,0.026482213,0.051778656,0.00368899,0.8348,0.141791045,0.274119668,0.752295855,0.080416977,0.024075453,0.020352445,0.017622239,0.105237032,0.0743083,0.0,41.65190924,0.314918315,0.568783822,105.0,0.0,0.142857143,0.771428571,0.085714286,0.0,0.0,1.60952381,0.057142857,0.00952381,0.047619048,0.057142857,0.00952381,0.066666667,0.028571429,0.20952381,0.019047619,0.0,0.019047619,0.057142857,0.038095238,0.019047619,0.057142857,0.20952381,0.104761905,0.2,1.0,0.304761905,1.0,8102,31.2,110.4,44.9,8.9,36.0,1,0,0,1,2,1,0.208596215,0.173501577,0.443349106,0.001840168,0.105678233,0.000394322,0.058885384,0.139,0.343,17.0,17.0,3.0,8102,0.139,0.343,Station 12 - 1st Due,WOODBRIDGE,Dale City,Leesylvania,1947,1459,407,30,36,3,31,61,108,59,136,39,Primary Fire Station - Station 12,8,2,69,21,146,10,46,2.4,5,18
51153900702,0.818914691,0.183508391,0.099564529,0.118978456,0.06686799,0.141848034,0.056310913,0.06738058,0.165128205,0.028747433,7.111257104,55.6238,0.177713017,56.79743907,793963.6178,0.361530455,0.456434083,3604.508696,5.849758825,0.0,0.255181855,0.0,8311,2435,2318,0.121164722,0.173625316,0.16824849,0.028904228,0.15687885,0.0,0.025884383,0.052631579,0.0,0.7145,0.048049281,0.08436214,0.556389318,0.141249172,0.023615096,0.0,0.050320018,0.228426396,0.084555651,0.015099223,40.66290046,0.29766791,0.901696547,30.0,0.033333333,0.3,0.633333333,0.033333333,0.033333333,0.0,1.4,0.166666667,0.033333333,0.033333333,0.166666667,0.0,0.2,0.033333333,0.2,0.0,0.1,0.0,0.1,0.1,0.033333333,0.166666667,0.266666667,0.133333333,0.2,1.0,0.3,1.0,7796,33.6,83.3,54.5,12.3,42.2,2,0,0,0,4,0,0.416697406,0.226607648,0.205705152,0.002336161,0.093569409,0.001106603,0.046231403,0.102,0.851,54.0,20.0,15.0,7796,0.102,0.851,Station 12 - 1st Due,WOODBRIDGE,Dale City,Marumsco Woods,2066,1330,506,20,43,6,40,76,115,64,167,33,Primary Fire Station - Station 12,1,1,49,16,79,16,23,1.1,2,3
51153900801,0.721248397,0.044044044,0.06455455,0.09454966,0.011003521,0.051814604,0.067835257,0.103463018,0.175384615,0.0,7.063994536,55.45296,0.179821116,59.70629063,708673.9258,0.414167476,1.267863648,4171.512648,4.933585435,0.0,0.326056004,0.0,7017,2272,2272,0.028502209,0.070257945,0.028169014,0.033450704,0.0,0.0,0.002640845,0.002640845,0.000712555,0.2295,0.0,0.043371404,0.620436106,0.077332657,0.040821501,0.0,0.019776876,0.24163286,0.006602113,0.007042254,48.17034437,0.283641975,0.952224758,56.0,0.017857143,0.053571429,0.821428571,0.107142857,0.017857143,0.017857143,1.714285714,0.017857143,0.017857143,0.017857143,0.107142857,0.0,0.071428571,0.0,0.285714286,0.017857143,0.035714286,0.0,0.071428571,0.053571429,0.0,0.035714286,0.125,0.071428571,0.142857143,1.0,0.232142857,1.0,7078,38.4,106.1,55.1,15.8,39.2,1,0,0,1,1,1,0.151419989,0.290688149,0.329191699,0.00054615,0.153877662,0.001092299,0.065674495,0.063,0.972,2.0,11.0,11.0,7078,0.063,0.972,Station 23 - 1st Due,WOODBRIDGE,Dumfries,Powells Landing,1536,1134,298,20,23,2,36,66,103,45,150,28,Primary Fire Station - Station 23,2,1,36,20,73,4,23,1.5,1,0
51153900803,0.781741868,0.215285065,0.054432348,0.118532955,0.022813688,0.093275488,0.056313396,0.055788737,,0.011984021,7.071904098,55.14926,0.157864669,52.49390076,731358.0153,0.342470995,1.190701308,3870.957296,5.667331141,0.0,0.368213043,0.0,5718,2253,2104,0.185729276,0.116474292,0.281844107,0.162072243,0.250776742,0.0,0.067490494,0.02661597,0.0,0.8288,0.066134044,0.245393338,0.751766217,0.147077714,0.003853565,0.0,0.027938343,0.069364162,0.126901141,0.032794677,41.22412008,0.407586207,0.552116125,43.0,0.023255814,0.11627907,0.744186047,0.11627907,0.023255814,0.023255814,1.604651163,0.11627907,0.046511628,0.0,0.093023256,0.023255814,0.046511628,0.0,0.209302326,0.0,0.046511628,0.023255814,0.139534884,0.139534884,0.023255814,0.139534884,0.209302326,0.139534884,0.255813954,1.0,0.279069767,1.0,6127,31.7,112.4,57.6,12.9,44.7,0,1,0,0,0,1,0.246509309,0.132480053,0.476396277,0.001496011,0.076462766,0.001163564,0.056848404,0.167,0.487,9.0,10.0,0.0,6127,0.167,0.487,Station 23 - 1st Due,WOODBRIDGE,Dumfries,Cherry Hill,2029,1512,359,30,35,3,37,53,86,69,133,29,Primary Fire Station - Station 23,3,3,67,26,90,11,142,7.0,2,2
51153900804,0.752722164,0.070600632,0.052168816,0.081676518,0.018220793,0.064614531,0.098349139,0.064278188,,0.008574491,7.024996448,55.32433,0.15388705,63.82219524,549528.9028,0.473868267,0.0,5072.237106,4.198051573,0.0,0.410134344,0.0,5694,1866,1866,0.051984545,0.069195645,0.229903537,0.088960343,0.128081458,0.0,0.006966774,0.052518757,0.0,0.5571,0.0,0.080780942,0.661402976,0.139993927,0.028241725,0.0,0.023079259,0.147282114,0.067524116,0.013933548,51.94889601,0.374329359,0.725500527,13.0,0.076923077,0.076923077,0.846153846,0.0,0.076923077,0.076923077,1.230769231,0.307692308,0.0,0.076923077,0.153846154,0.0,0.153846154,0.0,0.076923077,0.0,0.076923077,0.0,0.0,0.076923077,0.076923077,0.384615385,0.153846154,0.153846154,0.384615385,1.0,0.384615385,1.0,5564,38.7,68.1,54.9,12.0,42.9,1,0,0,0,0,0,0.124469851,0.248386502,0.480545823,0.002581597,0.080582703,0.001290798,0.056610732,0.074,0.678,13.0,8.0,1.0,5564,0.074,0.678,Station 23 - 1st Due,WOODBRIDGE,Dumfries,North Pond Trail,1607,1163,284,16,26,1,23,29,68,44,97,24,Primary Fire Station - Station 23,3,1,25,9,25,6,95,5.9,5,0
51153900901,0.75998674,0.297543976,0.047265161,0.074099137,0.042761463,0.209754722,0.051549809,0.075087021,0.209230769,0.150214592,7.024476503,54.8924,0.15422515,43.64059141,617775.3796,0.404154444,1.668831907,4292.497404,5.347383539,0.0,0.818762251,0.0,6033,2097,1941,0.24001326,0.157633018,0.281813498,0.157135497,0.101573677,0.043395327,0.047398248,0.044307058,0.001823305,0.9403,0.074391989,0.221451531,0.725578599,0.133453562,0.032762248,0.01653141,0.018034265,0.073639916,0.065945389,0.036063885,35.92796885,0.343975584,0.576386583,26.0,0.076923077,0.192307692,0.692307692,0.038461538,0.076923077,0.0,1.692307692,0.038461538,0.0,0.0,0.115384615,0.038461538,0.076923077,0.038461538,0.115384615,0.0,0.0,0.0,0.153846154,0.0,0.038461538,0.038461538,0.153846154,0.153846154,0.115384615,1.0,0.384615385,1.0,6363,31.0,89.6,58.1,12.0,46.2,0,1,0,0,5,2,0.4135991,0.145153512,0.338048545,0.002089696,0.047580775,0.002411188,0.041793924,0.12,0.525,4.0,5.0,3.0,6363,0.12,0.525,Station 3 - 1st Due,POTOMAC,Dumfries,Dumfries,2350,1838,358,27,47,13,37,70,93,84,160,24,Primary Fire Station - Station 3,13,1,86,23,200,17,57,2.4,3,4
51153900904,0.764697015,0.085463621,0.045604396,0.052447552,0.028280543,0.04494661,0.053964426,0.049291528,,0.0456718,6.989775683,55.0882,0.144219387,66.94235433,530888.8414,0.457200488,1.287070259,5345.34055,4.376006727,0.0,0.60977887,0.0,6634,1883,1768,0.056376244,0.04145312,0.082013575,0.070701357,0.0,0.006903877,0.032239819,0.0,0.000904432,0.3572,0.061072756,0.079963515,0.622852234,0.083619702,0.052119129,0.027491409,0.011168385,0.202749141,0.067873303,0.020927602,45.9574659,0.378495763,0.825588413,56.0,0.0,0.125,0.785714286,0.089285714,0.0,0.0,1.607142857,0.017857143,0.017857143,0.017857143,0.107142857,0.017857143,0.089285714,0.017857143,0.25,0.053571429,0.017857143,0.017857143,0.035714286,0.035714286,0.071428571,0.017857143,0.160714286,0.125,0.25,1.0,0.285714286,1.0,7498,35.1,112.5,64.0,9.3,54.7,3,0,0,0,2,2,0.162264702,0.219611849,0.423756019,0.001751058,0.126513936,0.001896979,0.056471618,0.061,0.852,2.0,8.0,3.0,7498,0.061,0.852,Station 23 - 1st Due,WOODBRIDGE,Dumfries,River Heritage Boulevard,1890,1339,412,17,24,1,30,64,107,64,156,31,Primary Fire Station - Station 23,3,1,19,17,150,8,27,1.4,2,4
51153900905,0.735858257,0.195886386,0.108793325,0.135019711,0.026761333,0.070300937,0.083062419,0.109720416,0.183589744,0.11715915,6.988679508,54.78707,0.105171752,58.06339028,378613.9247,0.610764259,0.390342632,5690.108559,4.40406457,0.0,3.372635011,0.0,6152,1929,1831,0.111508453,0.121423927,0.190060077,0.049153468,0.082426128,0.0,0.019661387,0.008192245,0.001788036,0.6881,0.050803525,0.121386334,0.634920635,0.156613757,0.049029982,0.009171076,0.061022928,0.089241623,0.01583834,0.03003823,48.96251932,0.401205788,0.852792705,11.0,0.090909091,0.090909091,0.636363636,0.181818182,0.090909091,0.0,1.272727273,0.0,0.0,0.0,0.181818182,0.0,0.090909091,0.0,0.090909091,0.0,0.090909091,0.0,0.0,0.0,0.0,0.0,0.181818182,0.0,0.181818182,1.0,0.181818182,1.0,6301,40.3,144.2,51.9,14.2,37.8,2,0,0,0,3,0,0.189410092,0.2594172,0.394278607,0.00177683,0.080312722,0.003909026,0.059346127,0.132,0.81,0.0,9.0,8.0,6301,0.132,0.81,Station 3 - 1st Due,POTOMAC,Dumfries,Graham Park Shores,1506,1080,286,18,21,6,25,59,85,47,141,25,Primary Fire Station - Station 3,2,3,40,7,46,4,41,2.7,1,0
51153901005,0.444511551,0.051111447,0.040507696,0.053642182,0.018411362,0.025343439,0.057224823,0.042276914,0.175384615,0.002104156,7.150998907,54.54996,0.139790394,23.75098068,466236.6797,0.0,0.143134103,22.11230586,4.580749549,0.0,0.263333754,0.0,6623,1901,1901,0.033368564,0.026121093,0.052603893,0.021567596,0.0,0.0,0.012624934,0.008416623,0.0,0.056,0.0,0.044193843,0.707905687,0.0740638,0.027461859,0.005825243,0.0110957,0.173647712,0.033140452,0.028406102,46.50553877,0.319444444,0.984448135,33.0,0.0,0.090909091,0.848484849,0.060606061,0.0,0.0,1.818181818,0.0,0.0,0.0,0.03030303,0.0,0.060606061,0.03030303,0.212121212,0.03030303,0.03030303,0.03030303,0.0,0.121212121,0.0,0.0,0.151515152,0.303030303,0.181818182,1.0,0.242424242,0.96969697,6849,33.9,111.4,63.4,10.2,53.2,1,0,0,0,0,1,0.144439317,0.48946316,0.216582064,0.000307645,0.074450085,0.000769112,0.068758653,0.045,0.972,2.0,2.0,2.0,6849,0.045,0.972,Station 17 - 1st Due,COLES,Dumfries,Powell's Creek Greenway,982,659,192,6,6,2,13,44,61,33,90,17,Primary Fire Station - Station 17,3,0,10,15,61,4,4,0.4,0,1
51153901009,0.456697149,0.06105433,0.02276867,0.091297752,0.008932559,0.045615589,0.06993007,0.106239914,0.157948718,0.010272443,7.176833333,54.95034,0.148521017,26.71695376,634993.6713,0.0,0.108358093,157.4252248,5.311493204,0.0,0.16650453,0.0,7436,2239,2239,0.059037117,0.009279182,0.117016525,0.042429656,0.0,0.0,0.0,0.015185351,0.0,0.0694,0.0,0.055854365,0.641967991,0.109958506,0.049199763,0.013337285,0.005631298,0.179905157,0.032603841,0.013398839,42.39880737,0.372286822,0.922270038,31.0,0.0,0.129032258,0.870967742,0.0,0.0,0.0,2.096774194,0.096774194,0.0,0.0,0.096774194,0.0,0.0,0.064516129,0.129032258,0.0,0.0,0.0,0.032258065,0.0,0.032258065,0.096774194,0.096774194,0.161290323,0.225806452,1.0,0.290322581,1.0,7328,36.8,98.8,75.5,20.8,54.7,1,1,0,0,0,0,0.126869658,0.548344017,0.180689103,0.003071581,0.067040598,0.001201923,0.06784188,0.059,0.979,2.0,5.0,3.0,7328,0.059,0.979,Station 17 - 1st Due,COLES,Dale City,Dumfries,1250,884,211,11,16,3,36,69,83,52,136,35,Primary Fire Station - Station 17,1,0,18,16,54,4,18,1.4,3,0
51153901010,0.413371382,0.050346514,0.058237548,0.09043981,0.0,0.017159199,0.10680799,0.109050143,0.180512821,0.0,7.151104372,54.93834,0.151137401,29.21284243,666055.5656,0.0,0.210734162,356.4940379,5.838832018,0.0,0.173797749,0.0,4906,1467,1401,0.013249083,0.090909091,0.077087794,0.087794433,0.0,0.0,0.0,0.006423983,0.00101916,0.162,0.044989775,0.056163535,0.623147777,0.096115338,0.050861033,0.005206247,0.002402883,0.22226672,0.009992862,0.010706638,50.70272354,0.205612245,0.848806366,14.0,0.142857143,0.0,0.857142857,0.0,0.142857143,0.0,1.714285714,0.0,0.0,0.0,0.071428571,0.071428571,0.0,0.0,0.285714286,0.071428571,0.0,0.071428571,0.0,0.142857143,0.0,0.0,0.142857143,0.357142857,0.428571429,1.0,0.071428571,1.0,4765,37.4,109.4,59.0,17.5,41.5,2,0,1,0,1,2,0.127038043,0.538949275,0.186141304,0.00317029,0.068387681,0.001811594,0.067708333,0.097,0.837,7.0,1.0,5.0,4765,0.097,0.837,Station 17 - 1st Due,POTOMAC,Dumfries,Montclair,1043,771,169,4,23,1,19,42,63,27,105,22,Primary Fire Station - Station 17,1,0,9,7,27,4,3,0.3,1,1
51153901011,0.617228704,0.116988972,0.057793345,0.085816642,0.029115934,0.052843602,0.077033722,0.084065846,0.161025641,0.003064351,7.164756284,55.15872,0.160104358,33.38719093,870125.5679,0.031362847,0.0,1935.718101,5.840134244,0.0,0.201523888,0.0,6257,1958,1889,0.091737254,0.046028448,0.11011117,0.066701959,0.0,0.0,0.022763367,0.00847009,0.0,0.2652,0.035240041,0.082071324,0.647376312,0.046476762,0.060869565,0.003598201,0.045277361,0.196401799,0.065113817,0.039703547,50.29197761,0.41671875,0.89291993,42.0,0.047619048,0.095238095,0.80952381,0.047619048,0.047619048,0.0,1.619047619,0.071428571,0.023809524,0.0,0.047619048,0.0,0.023809524,0.0,0.30952381,0.023809524,0.0,0.071428571,0.047619048,0.095238095,0.023809524,0.071428571,0.285714286,0.285714286,0.071428571,1.0,0.285714286,1.0,6534,38.6,110.8,47.8,14.5,33.3,1,0,0,0,2,1,0.174180944,0.378869853,0.24917343,0.00270514,0.119477006,0.002554854,0.068981064,0.088,0.925,2.0,7.0,11.0,6534,0.088,0.925,Station 17 - 1st Due,NEABSCO,Dale City,Ascot Woods,1250,916,222,17,22,3,27,57,70,39,144,33,Primary Fire Station - Station 17,1,2,19,8,47,5,32,2.6,1,0
51153901012,0.356486797,0.1830617,0.033117351,0.183188406,0.023255814,0.068707725,0.064293915,0.434270953,0.175384615,0.028772754,7.119189891,55.07797,0.169051405,38.64243346,847446.4844,0.203785448,1.396550406,2786.160893,5.745440728,0.0,0.284355968,0.0,3484,1703,1634,0.14380023,0.016647532,0.215422277,0.023255814,0.085731063,0.0,0.0,0.006119951,0.001148106,0.3443,0.040516735,0.130144928,0.607843137,0.098765432,0.023965142,0.0,0.021060276,0.248366013,0.059363525,0.033659731,45.56763285,0.328874539,0.79137931,108.0,0.009259259,0.166666667,0.703703704,0.12037037,0.009259259,0.0,1.407407407,0.018518519,0.027777778,0.009259259,0.101851852,0.018518519,0.055555556,0.0,0.222222222,0.046296296,0.009259259,0.194444444,0.064814815,0.12962963,0.018518519,0.018518519,0.444444444,0.175925926,0.111111111,0.990740741,0.351851852,1.0,3668,57.3,82.6,127.3,89.8,37.4,0,0,0,0,0,1,0.108572964,0.542327331,0.229508197,0.00268745,0.061273851,0.000268745,0.050524053,0.124,0.799,17.0,16.0,4.0,3668,0.124,0.799,Station 23 - 1st Due,POTOMAC,Dumfries,Four Seasons,2336,1837,250,13,39,7,49,122,123,79,221,57,Primary Fire Station - Station 23,1,2,47,21,203,26,53,2.3,1,6
51153901013,0.777545536,0.283069573,0.016533637,0.077363034,0.076785714,0.110280374,0.058524933,0.057629143,,0.047413793,7.060565847,54.89499,0.185124713,38.00409591,1132619.329,0.27172252,3.766458372,3371.522564,5.905947048,0.0,0.45607832,0.0,3349,1160,1120,0.222454464,0.057330546,0.288392857,0.1625,0.0,0.125862069,0.027678571,0.032142857,0.0,0.6687,0.034482759,0.270921132,0.692260817,0.088360756,0.045094455,0.0,0.02559415,0.148689823,0.111607143,0.03125,41.86828919,0.47559761,0.757539564,60.0,0.0,0.066666667,0.85,0.083333333,0.0,0.0,1.5,0.0,0.033333333,0.0,0.066666667,0.0,0.066666667,0.016666667,0.116666667,0.033333333,0.016666667,0.133333333,0.033333333,0.133333333,0.05,0.0,0.4,0.1,0.216666667,0.916666667,0.333333333,1.0,3425,33.7,87.9,55.8,13.0,42.8,1,0,0,1,3,1,0.285346308,0.188895249,0.388666285,0.00114482,0.081568403,0.00057241,0.050085861,0.067,0.857,11.0,3.0,3.0,3425,0.067,0.857,Station 23 - 1st Due,POTOMAC,Dumfries,Forest Park,2026,1648,272,13,32,0,24,40,70,41,102,25,Primary Fire Station - Station 23,2,2,26,7,419,15,48,2.4,1,6
51153901014,0.700180614,0.203454509,0.092933948,0.099252072,0.008492569,0.117399741,0.089303632,0.089504315,,0.125255276,7.093647814,54.45186,0.159426034,32.01979424,883990.7633,0.28546388,1.633868942,3670.781811,4.785313936,0.0,1.139751735,0.0,4983,1469,1413,0.099538431,0.104956853,0.202406228,0.0502477,0.061946903,0.0,0.03467799,0.043878273,0.004214329,0.7658,0.038121171,0.080250657,0.675583864,0.171974522,0.01910828,0.008917197,0.0,0.124416136,0.061571125,0.020523708,33.53732429,0.329887821,0.886739218,167.0,0.017964072,0.095808383,0.832335329,0.053892216,0.023952096,0.005988024,1.71257485,0.02994012,0.011976048,0.017964072,0.05988024,0.023952096,0.077844311,0.005988024,0.19760479,0.017964072,0.023952096,0.125748503,0.053892216,0.113772455,0.05988024,0.035928144,0.293413174,0.167664671,0.155688623,0.982035928,0.293413174,0.784431138,5083,36.7,131.5,46.8,11.8,35.0,3,0,1,0,14,2,0.18556701,0.368368117,0.305003772,0.00301735,0.074679407,0.002011567,0.0510435,0.139,0.741,4.0,10.0,12.0,5083,0.139,0.741,Station 3 - 1st Due,POTOMAC,Dumfries,Old Blacktop Road,1754,1341,323,14,33,1,25,58,87,49,130,33,Primary Fire Station - Station 3,1,0,27,10,350,9,34,1.9,0,5
51153901015,0.904802022,0.241857831,0.057268722,0.047632469,0.023333333,0.074952562,0.123560798,0.030609379,,0.0,7.082437705,55.07443,0.155425998,43.40777377,1107827.185,0.24545199,4.410326657,3620.090821,6.238691324,0.0,0.362892957,0.0,3561,1200,1200,0.158101657,0.065431059,0.384166667,0.1525,0.406666667,0.0,0.081666667,0.0,0.00168492,0.7862,0.0,0.099774521,0.749742002,0.136738906,0.0,0.0,0.0,0.113519092,0.044166667,0.0,45.90750436,0.335129604,0.429817159,61.0,0.032786885,0.016393443,0.901639344,0.049180328,0.032786885,0.0,1.540983607,0.06557377,0.0,0.0,0.049180328,0.0,0.032786885,0.0,0.147540984,0.0,0.0,0.114754098,0.06557377,0.032786885,0.049180328,0.06557377,0.245901639,0.147540984,0.278688525,0.803278689,0.262295082,1.0,3561,29.3,69.2,58.4,7.5,50.9,0,0,0,0,0,2,0.192431562,0.118894257,0.540526033,0.001073537,0.096349973,0.000805153,0.042941492,0.129,0.406,9.0,5.0,4.0,3561,0.129,0.406,Station 23 - 1st Due,WOODBRIDGE,Dumfries,Princeton Woods,1008,804,144,15,18,2,15,26,50,40,79,16,Primary Fire Station - Station 23,0,0,17,10,66,3,85,8.4,3,2
51153901016,0.780766396,0.171460801,0.097899475,0.110801264,0.032911392,0.084984985,0.06779661,0.06779661,,0.003638569,7.117392077,55.20171,0.182967272,46.09943735,1030613.53,0.20415516,2.229885919,3123.932807,6.116978077,0.0,0.293537733,0.0,5428,1649,1580,0.115696389,0.049557848,0.236708861,0.036708861,0.16616131,0.0,0.008860759,0.017088608,0.00073692,0.6451,0.041843542,0.155233315,0.588984792,0.212083847,0.020961776,0.0189067,0.0,0.159062885,0.05,0.079746835,43.58276367,0.36083815,0.733222714,88.0,0.0,0.068181818,0.863636364,0.068181818,0.0,0.0,1.954545455,0.079545455,0.0,0.045454545,0.034090909,0.0,0.068181818,0.0,0.238636364,0.034090909,0.022727273,0.045454545,0.079545455,0.090909091,0.011363636,0.079545455,0.181818182,0.170454546,0.159090909,1.0,0.238636364,1.0,6020,32.7,102.3,62.2,8.8,53.4,4,1,0,0,1,1,0.225,0.149264706,0.394669118,0.000367647,0.167279412,0.002389706,0.053860294,0.108,0.712,6.0,5.0,1.0,6020,0.108,0.712,Station 23 - 1st Due,NEABSCO,Dumfries,Eagles Pointe,2072,1714,285,14,47,5,31,40,97,41,117,27,Primary Fire Station - Station 23,0,0,47,12,188,6,58,2.8,4,11
51153901101,0.472052402,0.371239912,0.064891847,0.073756432,0.037606838,0.053705693,0.056768559,0.022270742,,0.427312775,6.94197459,54.77903,0.101699777,614.1145394,205287.0109,1.7593463,0.0,8808.165426,4.605097512,0.0,11.19244556,0.0,2290,681,585,0.125327511,0.044104803,0.28034188,0.020512821,0.160058737,0.022026432,0.030769231,0.083760684,0.404803493,0.7552,0.140969163,0.101200686,0.690883191,0.113960114,0.028490028,0.022792023,0.056980057,0.086894587,0.116239316,0.022222222,17.55610561,0.320644391,0.134996332,,,,,,,,,,,,,,,,,,,,,,,,,,,,,,2474,23.2,181.5,23.8,2.3,21.6,0,1,0,0,0,0,0.18986764,0.55362848,0.121862163,0.000912825,0.052487449,0.005933364,0.05979005,,0.079,1.0,7.0,0.0,2474,,0.079,Station 3 - 1st Due,POTOMAC,Dumfries,Chamberlain Village,131,114,13,1,0,0,0,0,1,0,1,0,Primary Fire Station - Station 3,0,1,4,3,1,0,0,0.0,0,0
51153901102,0.308170515,0.292105263,0.102222222,0.041012658,0.0,0.0,0.174067496,0.0,,0.009009009,6.959277596,54.61496,0.153393294,51.72197596,431302.0148,1.042302667,0.397932322,4855.608539,5.111573798,0.0,11.12488073,0.0,3378,888,822,0.1669627,0.006808763,0.425790754,0.081508516,0.081081081,0.0,0.027980535,0.035279805,0.208407342,0.5502,0.074324324,0.038987342,0.80361991,0.076923077,0.0,0.061538462,0.036199095,0.021719457,0.037712895,0.018248175,15.07484168,0.407618343,0.014958863,114.0,0.01754386,0.149122807,0.728070175,0.105263158,0.01754386,0.00877193,1.657894737,0.01754386,0.00877193,0.0,0.043859649,0.0,0.096491228,0.0,0.342105263,0.078947368,0.026315789,0.149122807,0.078947368,0.175438597,0.043859649,0.026315789,0.456140351,0.210526316,0.157894737,0.99122807,0.210526316,0.298245614,3347,22.7,145.4,47.1,,47.1,0,0,0,0,1,0,0.197671195,0.593845301,0.090379817,0.004990297,0.022456335,0.007762684,0.072359301,,0.01,,,,3347,,0.01,Station 3 - 1st Due,POTOMAC,Dumfries,Quantico,303,241,57,1,0,1,1,2,7,6,12,1,Primary Fire Station - Station 3,0,0,0,0,183,0,0,0.0,0,2
51153901203,0.664875566,0.155825792,0.044046467,0.07389581,0.058479532,0.158047166,0.070984163,0.144230769,0.135384615,0.023391813,7.229948634,55.31073,0.17039332,31.81500104,968215.7395,0.047801894,3.065237532,41.57863842,6.24538736,0.0,0.106248356,0.0,3536,1368,1368,0.116233032,0.188631222,0.288011696,0.05628655,0.0,0.016081871,0.054093567,0.127923977,0.0,0.7922,0.0,0.155719139,0.709331974,0.122386538,0.022437532,0.010708822,0.018357981,0.116777155,0.075292398,0.033625731,46.83169746,0.322125,0.835124434,74.0,0.013513514,0.121621622,0.810810811,0.054054054,0.013513514,0.0,1.743243243,0.135135135,0.0,0.0,0.094594595,0.013513514,0.013513514,0.0,0.175675676,0.013513514,0.013513514,0.0,0.108108108,0.094594595,0.040540541,0.094594595,0.162162162,0.189189189,0.135135135,1.0,0.27027027,1.0,3835,33.0,131.7,56.3,21.4,34.9,1,1,1,0,4,3,0.430600548,0.242461999,0.171941191,0.001495141,0.097433342,0.001495141,0.043109893,0.102,0.841,6.0,4.0,6.0,3835,0.102,0.841,Station 13 - 1st Due,NEABSCO,Dale City,Glendale,1399,1079,210,17,16,5,17,46,80,42,117,33,Primary Fire Station - Station 13,1,1,22,8,222,4,41,2.9,1,0
51153901208,0.438192668,0.201205511,0.07256894,0.127372053,0.07756654,0.100823045,0.033248082,0.282182438,0.154871795,0.0,7.274329508,55.95513,0.250528148,39.15522592,1256752.809,0.315052738,1.406666688,114.7505405,6.418285937,0.0,0.0,0.22466342,3519,1327,1315,0.18897414,0.080136402,0.211406844,0.031178707,0.109269028,0.031650339,0.009125475,0.028897338,0.009946007,0.8459,0.009042954,0.13225992,0.71914557,0.111550633,0.050632911,0.011075949,0.0,0.107594937,0.037262357,0.029657795,41.2677305,0.472342995,0.869115959,33.0,0.060606061,0.151515152,0.757575758,0.03030303,0.060606061,0.0,2.03030303,0.03030303,0.0,0.0,0.090909091,0.0,0.090909091,0.03030303,0.333333333,0.03030303,0.0,0.060606061,0.03030303,0.060606061,0.060606061,0.03030303,0.121212121,0.272727273,0.151515152,1.0,0.363636364,1.0,3379,44.6,90.7,108.3,60.6,47.7,1,0,0,0,1,0,0.215982028,0.510269576,0.144736842,0.000320924,0.078947368,0.001925546,0.040436457,0.099,0.819,0.0,11.0,4.0,3379,0.099,0.819,Station 2 - 1st Due,OCCOQUAN,Dale City,Lake Ridge,1813,1368,142,14,12,4,21,79,58,28,102,32,Primary Fire Station - Station 2,0,0,13,5,15,5,18,1.0,0,1
51153901209,0.629951249,0.195200245,0.058183955,0.059459459,0.020875764,0.095331215,0.070688605,0.131627057,0.144615385,0.008508509,7.245725137,55.66317,0.199946451,35.09796606,1209274.112,0.168614759,1.992966948,50.58751628,6.790895117,0.0,0.0,0.070241215,6564,1998,1964,0.1535649,0.083333333,0.140529532,0.058553971,0.051551552,0.0,0.031568228,0.064663951,0.0,0.6349,0.017017017,0.149034749,0.707212714,0.122555012,0.043398533,0.010391198,0.007334963,0.10910758,0.044297352,0.039205703,39.47341338,0.258674863,0.799055454,81.0,0.012345679,0.086419753,0.75308642,0.148148148,0.012345679,0.0,1.666666667,0.111111111,0.012345679,0.0,0.0,0.0,0.086419753,0.024691358,0.160493827,0.037037037,0.012345679,0.037037037,0.049382716,0.012345679,0.024691358,0.111111111,0.098765432,0.12345679,0.172839506,1.0,0.271604938,1.0,6605,37.4,93.7,72.9,25.7,47.3,0,0,1,1,5,4,0.292400301,0.348081264,0.162227239,0.00165538,0.132580888,0.001354402,0.05282167,0.127,0.777,4.0,19.0,6.0,6605,0.127,0.777,Station 14 - 1st Due,OCCOQUAN,Dale City,Lake Ridge,2187,1712,285,29,31,3,25,56,80,50,137,28,Primary Fire Station - Station 14,2,1,18,20,204,10,63,2.9,2,5
51153901211,0.809265442,0.220158598,0.024604569,0.076794658,0.0808,0.230645161,0.025250417,0.074707846,0.209230769,0.056501548,7.252120492,55.28797,0.163261273,30.33520275,900048.5228,0.0,3.528667488,46.7637034,6.37265802,0.0,0.104813102,0.0,4792,1292,1250,0.176961603,0.218071786,0.168,0.1008,0.0,0.0,0.1,0.0264,0.000626043,0.6927,0.03250774,0.187604341,0.640997433,0.225889256,0.006967363,0.01210121,0.01870187,0.095342868,0.0776,0.064,43.33806242,0.452696078,0.91250783,71.0,0.014084507,0.056338028,0.845070423,0.084507042,0.014084507,0.0,1.76056338,0.070422535,0.0,0.0,0.028169014,0.0,0.084507042,0.014084507,0.267605634,0.0,0.042253521,0.0,0.014084507,0.056338028,0.042253521,0.042253521,0.126760563,0.098591549,0.253521127,1.0,0.225352113,1.0,4757,35.2,94.3,53.4,15.5,37.9,1,0,0,0,3,1,0.514917364,0.214852973,0.132002576,0.001502468,0.090362739,0.0,0.040995922,0.083,0.88,4.0,15.0,5.0,4757,0.083,0.88,Station 13 - 1st Due,OCCOQUAN,Dale City,Hillendale,1163,933,117,9,25,2,36,62,99,42,117,32,Primary Fire Station - Station 13,1,1,30,20,111,11,13,1.1,1,1
51153901212,0.773550007,0.209406791,0.07133059,0.106450757,0.060873606,0.208743169,0.082573656,0.105694279,0.172307692,0.035418583,7.248395902,55.12448,0.142895463,28.80468244,762705.9109,0.0,1.509213214,48.04950574,6.351480336,0.0,0.115441776,0.0,7569,2174,2152,0.145329634,0.121152068,0.210037175,0.116171004,0.065777369,0.010119595,0.06830855,0.012546468,0.0,0.8616,0.010119595,0.178656756,0.769114991,0.085490668,0.033112583,0.0,0.035219747,0.077062011,0.045539033,0.039498141,45.36774299,0.338495575,0.783458845,60.0,0.016666667,0.083333333,0.816666667,0.083333333,0.016666667,0.0,1.65,0.0,0.0,0.016666667,0.083333333,0.0,0.083333333,0.033333333,0.316666667,0.05,0.033333333,0.016666667,0.05,0.016666667,0.033333333,0.0,0.25,0.216666667,0.266666667,1.0,0.316666667,1.0,7299,34.8,99.3,60.7,14.6,46.1,0,0,0,0,1,3,0.292303836,0.21559288,0.290674354,0.002005515,0.130859865,0.000376034,0.058034595,0.099,0.823,21.0,13.0,8.0,7299,0.099,0.823,Station 26 - 1st Due,OCCOQUAN,Dale City,Kerrydale,1937,1472,329,22,26,1,46,75,136,70,191,60,Primary Fire Station - Station 26,3,1,32,25,134,10,46,2.4,1,0
51153901219,0.268341526,0.017172086,0.041395826,0.052931446,0.01172871,0.02247191,0.036045877,0.189695977,0.177435897,0.013923421,7.292614208,55.12664,0.147216262,24.07226512,515819.3126,0.033834704,0.536925088,118.8201122,3.99017824,0.0,0.103988175,0.0,5493,2011,1961,0.012015292,0.026215183,0.048444671,0.0,0.00298359,0.0,0.0,0.0,0.0,0.0139,0.024863252,0.026465723,0.654092527,0.056227758,0.029893238,0.014590747,0.010676157,0.234519573,0.033146354,0.00917899,45.93677359,0.223888889,0.963954123,82.0,0.048780488,0.207317073,0.719512195,0.024390244,0.048780488,0.024390244,2.134146341,0.036585366,0.024390244,0.0,0.134146342,0.012195122,0.12195122,0.0,0.231707317,0.048780488,0.012195122,0.097560976,0.048780488,0.085365854,0.036585366,0.06097561,0.146341463,0.109756098,0.182926829,1.0,0.341463415,1.0,5376,49.8,92.6,62.7,32.6,30.1,0,0,0,1,6,2,0.095196044,0.685800071,0.090604027,0.002296008,0.066231014,0.000353232,0.053691275,0.061,0.991,4.0,13.0,3.0,5376,0.061,0.991,Station 26 - 1st Due,COLES,Manassas,Ridgedale,1551,1097,322,10,18,2,31,79,90,43,152,41,Primary Fire Station - Station 26,2,1,14,9,188,5,16,1.0,0,0
51153901221,0.601643666,0.182508916,0.051043429,0.03369187,0.014667817,0.028921795,0.06977826,0.100325632,0.174358974,0.0,7.300849727,55.71293,0.1750197,31.83791702,771008.2901,0.148232588,2.374604335,79.71700393,5.473842873,0.0,0.0,0.026145139,6449,2375,2318,0.137230578,0.070243449,0.312338223,0.086712683,0.301473684,0.0,0.008196721,0.026315789,0.0,0.4734,0.024,0.184277128,0.664371773,0.19535284,0.017211704,0.004876649,0.00831899,0.109868044,0.079378775,0.018119068,42.57573316,0.358975713,0.643200496,26.0,0.0,0.115384615,0.846153846,0.038461538,0.0,0.0,1.769230769,0.076923077,0.0,0.0,0.153846154,0.038461538,0.038461538,0.115384615,0.115384615,0.038461538,0.0,0.0,0.153846154,0.0,0.038461538,0.076923077,0.115384615,0.038461538,0.307692308,1.0,0.384615385,1.0,6410,34.3,78.6,49.8,16.5,33.3,1,1,0,1,3,2,0.172157279,0.434821112,0.235033652,0.002125399,0.078462628,0.001239816,0.069783918,0.093,0.574,7.0,10.0,2.0,6410,0.093,0.574,Station 14 - 1st Due,OCCOQUAN,Dale City,Woodbridge,1348,999,273,20,39,1,21,48,59,49,110,39,Primary Fire Station - Station 14,1,0,29,22,52,7,28,2.1,0,3
51153901222,0.42339939,0.150533537,0.053362573,0.116743472,0.004405286,0.103033772,0.053734756,0.130335366,0.174358974,0.0,7.318130874,55.95173,0.171749692,33.81133575,762272.3852,0.242340302,0.0,87.4659339,4.780141909,0.0,0.0,0.157746665,2624,924,908,0.062118902,0.087652439,0.237885463,0.109030837,0.010822511,0.0,0.0,0.033039648,0.000381098,0.4317,0.017316017,0.08218126,0.787022901,0.071755725,0.026717557,0.0,0.008396947,0.10610687,0.015418502,0.005506608,43.04654142,0.318277311,0.81814716,4.0,0.0,0.0,1.0,0.0,0.0,0.0,1.75,0.25,0.0,0.0,0.25,0.25,0.0,0.0,0.25,0.0,0.0,0.0,0.25,0.0,0.0,0.25,0.25,0.0,0.0,1.0,0.5,1.0,2553,38.6,109.4,55.1,18.4,36.7,0,0,0,0,0,0,0.162396383,0.533911078,0.161266014,0.001883949,0.066314996,0.00075358,0.066314996,0.099,0.855,0.0,4.0,1.0,2553,0.099,0.855,Station 14 - 1st Due,OCCOQUAN,Dale City,Woodbridge,585,281,53,2,7,0,11,23,25,14,42,7,Primary Fire Station - Station 14,2,0,7,5,12,2,11,1.9,0,0
51153901223,0.570067808,0.153278689,0.03799606,0.088383428,0.048724954,0.080831955,0.066515983,0.129157249,0.154871795,0.0,7.295777869,55.87334,0.178840553,33.29280021,950962.4761,0.253351136,1.054549243,80.49551526,5.429053165,0.0,0.0,0.162416641,6194,2196,2196,0.076364223,0.101549887,0.227686703,0.116575592,0.0,0.006830601,0.015027322,0.032331512,0.0,0.5423,0.0,0.071324127,0.686746988,0.058771672,0.035263003,0.0,0.007640317,0.211578019,0.054189435,0.022313297,44.01882221,0.311103723,0.854536648,33.0,0.03030303,0.212121212,0.696969697,0.060606061,0.03030303,0.03030303,1.666666667,0.303030303,0.0,0.333333333,0.0,0.0,0.060606061,0.0,0.181818182,0.0,0.0,0.090909091,0.090909091,0.0,0.03030303,0.333333333,0.151515152,0.151515152,0.242424242,1.0,0.363636364,1.0,6300,38.2,97.6,67.3,29.0,38.3,2,0,0,0,1,1,0.235502435,0.43131179,0.1798731,0.00073779,0.086173823,0.001328021,0.056514682,0.091,0.799,2.0,5.0,6.0,6300,0.091,0.799,Station 14 - 1st Due,OCCOQUAN,Dale City,Lake Ridge,1356,996,174,13,19,2,33,67,76,52,135,27,Primary Fire Station - Station 14,1,0,18,12,47,6,26,1.9,0,1
51153901224,0.483395697,0.110383536,0.066206897,0.1007109,0.049192364,0.059234731,0.047942002,0.170252572,0.206153846,0.004405286,7.26347541,55.69505,0.175484462,32.67403892,1003681.328,0.17945751,1.998385593,58.0515122,5.998653867,0.0,0.0,0.047319044,4276,1362,1362,0.060570627,0.065247895,0.116005874,0.022760646,0.0,0.0,0.013215859,0.010279001,0.0,0.2684,0.0,0.071800948,0.722361181,0.111555778,0.016008004,0.0,0.0,0.150075038,0.040381791,0.034508076,44.67480871,0.191025641,0.903180543,55.0,0.036363636,0.127272727,0.836363636,0.0,0.036363636,0.018181818,1.690909091,0.072727273,0.018181818,0.145454546,0.127272727,0.0,0.090909091,0.036363636,0.272727273,0.018181818,0.0,0.018181818,0.054545455,0.0,0.036363636,0.090909091,0.090909091,0.181818182,0.254545455,1.0,0.236363636,1.0,4352,38.7,93.5,72.6,29.3,43.4,2,0,0,0,2,0,0.253195784,0.493384167,0.115945279,0.001121328,0.082529715,0.0,0.045301637,0.065,0.956,2.0,3.0,3.0,4352,0.065,0.956,Station 14 - 1st Due,OCCOQUAN,Dale City,Lake Ridge,1123,864,158,12,14,6,26,52,63,24,111,28,Primary Fire Station - Station 14,0,0,26,7,134,8,34,3.0,0,0
51153901225,0.562185043,0.061681113,0.046142754,0.110258481,0.046933667,0.096996997,0.06853457,0.131223544,0.21025641,0.007936508,7.253598361,55.42487,0.174726004,31.78746501,997616.3484,0.106076174,2.900831599,50.01805552,6.267702966,0.0,0.0,0.0,4961,1764,1598,0.032453134,0.077806894,0.118898623,0.038798498,0.097505669,0.046485261,0.03379224,0.038172716,0.002015723,0.7182,0.094104308,0.129846527,0.71358305,0.105940219,0.02005297,0.0,0.045402951,0.11502081,0.03379224,0.040050063,37.98204361,0.369803371,0.913350838,69.0,0.014492754,0.028985507,0.927536232,0.028985507,0.014492754,0.0,1.739130435,0.028985507,0.0,0.0,0.057971014,0.028985507,0.043478261,0.043478261,0.275362319,0.0,0.0,0.028985507,0.028985507,0.043478261,0.0,0.028985507,0.15942029,0.231884058,0.202898551,1.0,0.260869565,1.0,4968,37.7,103.1,73.3,20.1,53.2,1,0,1,0,3,0,0.240820513,0.336615385,0.231589744,0.003076923,0.116512821,0.0,0.065846154,0.082,0.918,8.0,7.0,4.0,4968,0.082,0.918,Station 14 - 1st Due,OCCOQUAN,Dale City,County Center,1709,1438,189,10,29,4,23,45,64,35,89,24,Primary Fire Station - Station 14,1,0,22,10,136,4,35,2.0,0,0
51153901226,0.657894737,0.088032581,0.031372549,0.084985836,0.022650057,0.089862271,0.081453634,0.108709273,0.180512821,0.007311586,7.235578142,54.9336,0.135344865,26.69661762,606711.6747,0.0,2.19394247,52.61013047,5.762226532,0.0,0.138982299,0.0,6384,1778,1766,0.058427318,0.065162907,0.103624009,0.071347678,0.0,0.0,0.035107588,0.0,0.0,0.2999,0.006749156,0.082782499,0.76880787,0.050347222,0.02662037,0.0,0.008969907,0.14525463,0.07191393,0.025481314,40.43246445,0.412218045,0.94235589,48.0,0.020833333,0.041666667,0.854166667,0.083333333,0.020833333,0.020833333,1.6875,0.0625,0.0,0.020833333,0.125,0.041666667,0.0,0.020833333,0.1875,0.0,0.020833333,0.0,0.041666667,0.0,0.020833333,0.083333333,0.145833333,0.166666667,0.270833333,1.0,0.333333333,1.0,6355,35.2,103.4,56.9,15.7,41.2,2,0,0,1,2,2,0.250906225,0.255949567,0.253270292,0.003624901,0.166115051,0.001260835,0.063987392,0.069,0.934,4.0,7.0,8.0,6355,0.069,0.934,Station 18 - 1st Due,NEABSCO,Dale City,County Center,1370,941,203,15,24,3,31,59,77,46,133,24,Primary Fire Station - Station 18,1,1,27,14,62,5,22,1.6,3,1
51153901227,0.718539233,0.185191293,0.02759248,0.068596809,0.056187291,0.219365895,0.072215825,0.082908373,0.180512821,0.0,7.220422678,54.98349,0.13603319,28.89422644,638008.644,0.0,1.677083164,41.40129893,5.646458489,0.0,0.14039161,0.0,6079,1495,1495,0.092284915,0.115973022,0.128428094,0.059531773,0.0,0.009364548,0.031438127,0.00735786,0.001316006,0.621,0.0,0.102812963,0.674294671,0.163322884,0.013793103,0.003448276,0.028840125,0.11630094,0.085618729,0.02541806,41.73635719,0.276464435,0.788338,30.0,0.033333333,0.033333333,0.933333333,0.0,0.033333333,0.033333333,1.733333333,0.1,0.0,0.033333333,0.033333333,0.0,0.133333333,0.033333333,0.266666667,0.066666667,0.0,0.0,0.066666667,0.033333333,0.033333333,0.1,0.233333333,0.2,0.233333333,1.0,0.3,1.0,6181,33.3,107.3,65.8,14.2,51.7,2,1,0,0,1,0,0.416887543,0.235706172,0.20068156,0.001325256,0.08841348,0.001135933,0.048087846,0.082,0.804,0.0,8.0,14.0,6181,0.082,0.804,Station 18 - 1st Due,NEABSCO,Dale City,Lindendale,1371,1062,171,12,18,5,28,67,101,42,138,43,Primary Fire Station - Station 18,3,2,24,11,84,6,42,3.1,1,0
51153901228,0.757677106,0.166000615,0.032413989,0.08089922,0.074313409,0.160834132,0.07555488,0.101854667,0.180512821,0.012385568,7.193119945,54.85516,0.138941747,27.34081636,651737.8126,0.0,0.305452962,33.22590125,5.437051861,0.0,0.159274585,0.0,6578,1857,1857,0.092125266,0.08041958,0.117932149,0.031771675,0.0,0.003769521,0.039310716,0.007000539,0.001976285,0.5636,0.0,0.148952439,0.724208675,0.080890973,0.019343494,0.001172333,0.044255569,0.130128957,0.044695746,0.016155089,41.84431742,0.345989305,0.894135567,41.0,0.024390244,0.097560976,0.756097561,0.12195122,0.024390244,0.024390244,1.87804878,0.0,0.0,0.024390244,0.073170732,0.0,0.097560976,0.024390244,0.097560976,0.0,0.0,0.0,0.12195122,0.024390244,0.048780488,0.024390244,0.073170732,0.048780488,0.414634146,1.0,0.317073171,1.0,6474,36.2,90.1,65.4,17.7,47.7,0,0,0,0,4,1,0.323074495,0.309501263,0.202809343,0.001104798,0.104955808,0.000315657,0.05145202,0.087,0.876,2.0,3.0,15.0,6474,0.087,0.876,Station 17 - 1st Due,COLES,Dale City,Colony Woods,1127,862,201,13,25,0,23,41,77,47,122,29,Primary Fire Station - Station 17,1,0,26,14,100,7,10,0.9,0,0
51153901229,0.702475871,0.15589593,0.04287902,0.081839274,0.056716418,0.104902297,0.073227025,0.089383131,0.180512821,0.048507463,7.205152459,54.76185,0.132334468,25.63965553,469563.7766,0.0,0.238329012,43.99226986,4.984798067,0.0,0.177558818,0.0,4766,1340,1340,0.063575325,0.080990348,0.103731343,0.020895522,0.0,0.0,0.035820896,0.005223881,0.0,0.3045,0.0,0.106939464,0.717227723,0.146930693,0.02019802,0.0,0.021782178,0.093861386,0.026119403,0.03358209,47.24759615,0.318693694,0.897817877,9.0,0.0,0.111111111,0.888888889,0.0,0.0,0.0,1.444444444,0.111111111,0.111111111,0.111111111,0.111111111,0.0,0.111111111,0.111111111,0.333333333,0.0,0.0,0.0,0.0,0.111111111,0.0,0.111111111,0.111111111,0.333333333,0.333333333,1.0,0.222222222,1.0,4706,35.0,79.3,55.2,12.4,42.8,3,0,0,0,0,0,0.282450414,0.282450414,0.232237007,0.001757469,0.140346473,0.001757469,0.053477278,0.075,0.853,1.0,4.0,9.0,4706,0.075,0.853,Station 18 - 1st Due,COLES,Dale City,Ridgedale,878,636,131,8,21,5,16,25,61,23,84,15,Primary Fire Station - Station 18,0,1,20,9,25,7,23,2.6,2,1
51153901230,0.614917396,0.14254386,0.055408971,0.097727828,0.07394958,0.105891413,0.057580175,0.088678328,0.171282051,0.021848739,7.220308743,54.747,0.115549437,23.87596146,473979.8905,0.0,0.942108462,59.21272128,5.189426368,0.0,0.173762774,0.0,4116,1190,1190,0.091107872,0.071671526,0.140336135,0.02184874,0.014285714,0.0,0.005042017,0.044537815,0.000485909,0.3961,0.0,0.133642805,0.743565746,0.086569958,0.017313992,0.0,0.030884417,0.121665887,0.091596639,0.05210084,45.05727224,0.440728477,0.826689353,15.0,0.0,0.133333333,0.866666667,0.0,0.0,0.0,2.133333333,0.066666667,0.0,0.0,0.2,0.066666667,0.066666667,0.066666667,0.133333333,0.0,0.0,0.066666667,0.0,0.0,0.0,0.066666667,0.2,0.2,0.333333333,1.0,0.2,1.0,4025,36.5,107.2,55.5,17.0,38.6,1,0,0,0,1,0,0.255940258,0.303462322,0.243494003,0.001584069,0.117221091,0.001584069,0.065399412,0.094,0.896,0.0,8.0,6.0,4025,0.094,0.896,Station 18 - 1st Due,COLES,Dale City,Orangedale,655,518,84,5,9,0,19,33,54,23,76,20,Primary Fire Station - Station 18,1,0,11,7,20,4,15,2.3,0,0
51153901231,0.388320942,0.086212412,0.043163384,0.091650672,0.025411765,0.051546392,0.052509294,0.168060719,0.177435897,0.049694856,7.326269126,55.12127,0.153482421,19.92447709,647886.8472,0.145475581,2.729337828,961.3269838,4.794202493,0.0,0.016279059,0.101436902,6456,2294,2125,0.06133829,0.053903346,0.158117647,0.032941176,0.160418483,0.0,0.019764706,0.057411765,0.031598513,0.5354,0.073670445,0.031349968,0.666157605,0.049175321,0.085827734,0.0,0.010079414,0.188759927,0.037176471,0.024941176,45.8565512,0.33545082,0.81349968,96.0,0.03125,0.145833333,0.791666667,0.03125,0.03125,0.010416667,1.697916667,0.03125,0.0,0.052083333,0.041666667,0.020833333,0.083333333,0.041666667,0.1875,0.010416667,0.03125,0.0625,0.041666667,0.0625,0.09375,0.041666667,0.208333333,0.104166667,0.177083333,1.0,0.28125,1.0,6580,40.0,107.1,66.1,27.3,38.8,3,1,1,1,1,3,0.157194849,0.56480963,0.096724524,0.001959686,0.119400896,0.000279955,0.053191489,0.091,0.798,28.0,12.0,3.0,6580,0.091,0.798,Station 16 - 1st Due,COLES,Manassas,Montyville,1872,1332,368,21,14,5,18,41,46,38,72,13,Primary Fire Station - Station 16,2,0,19,6,145,3,3,0.2,0,1
51153901232,0.461651197,0.101119259,0.019230769,0.0724694,0.010995724,0.097767857,0.060739293,0.109591272,0.163076923,0.015625,7.282990984,54.59352,0.156266049,21.15057182,592177.7948,0.19129077,0.645867396,1714.125165,5.453192513,0.0,0.101659308,0.109564027,6141,1728,1637,0.057808175,0.024588829,0.147220525,0.003054368,0.0,0.002314815,0.00855223,0.003054368,0.157303371,0.2267,0.052662037,0.033806101,0.621490468,0.064471404,0.020103986,0.0,0.005199307,0.288734835,0.025045816,0.031765425,43.61720273,0.432432432,0.935845411,78.0,0.076923077,0.08974359,0.807692308,0.025641026,0.076923077,0.012820513,1.730769231,0.025641026,0.141025641,0.0,0.102564103,0.0,0.128205128,0.0,0.294871795,0.0,0.0,0.038461538,0.051282051,0.102564103,0.038461538,0.038461538,0.166666667,0.217948718,0.128205128,1.0,0.217948718,1.0,6293,37.9,120.3,44.1,14.9,29.2,1,1,0,0,3,0,0.135125878,0.513272821,0.166638123,0.000685049,0.106696352,0.002397671,0.070902552,0.066,0.973,1.0,7.0,4.0,6293,0.066,0.973,Station 7 - 1st Due,BRENTSVILLE,Manassas,Hillcrest Estates,902,632,198,9,12,1,10,35,36,14,59,12,Primary Fire Station - Station 7,1,0,4,2,120,2,10,1.1,0,0
51153901233,0.287841191,0.1255691,0.022193211,0.047500367,0.040333187,0.048083033,0.0321121,0.115749526,0.181538462,0.023944275,7.233007923,54.38585,0.119066826,20.88036633,349672.5666,0.067562024,0.606796311,111.166326,3.962220875,0.0,0.199041712,0.0,6851,2297,2281,0.120274413,0.034301562,0.095133713,0.072775099,0.0,0.114932521,0.009206488,0.038141166,0.0,0.2795,0.006965607,0.031960123,0.726332971,0.070457019,0.032372144,0.0,0.004352557,0.16648531,0.03857957,0.027181061,45.42591384,0.317934783,0.968763684,86.0,0.034883721,0.139534884,0.802325581,0.023255814,0.034883721,0.0,1.744186047,0.034883721,0.0,0.023255814,0.069767442,0.011627907,0.11627907,0.0,0.197674419,0.034883721,0.011627907,0.058139535,0.034883721,0.058139535,0.046511628,0.034883721,0.267441861,0.174418605,0.244186047,1.0,0.267441861,1.0,7242,41.3,114.6,59.7,16.7,43.0,1,0,0,0,1,1,0.172587451,0.621614264,0.089288145,0.00149721,0.049952362,0.00054444,0.05948006,0.069,0.986,1.0,10.0,5.0,7242,0.069,0.986,Station 6 - 1st Due,COLES,Manassas,Oak Hill Estates,1398,1040,232,13,13,4,38,72,84,37,141,36,Primary Fire Station - Station 6,0,0,12,11,144,7,27,1.9,1,0
51153901234,0.397856664,0.041821248,0.028377545,0.070841889,0.0,0.058348294,0.040857334,0.151373074,0.171282051,0.041346154,7.173738525,54.3376,0.114662456,21.73509933,406741.3266,0.0,0.426166774,52.05226337,4.177447346,0.0,0.297682138,0.0,2986,1040,1040,0.041527127,0.03951775,0.130769231,0.025,0.008653846,0.0,0.0,0.023076923,0.009042197,0.1851,0.0,0.024640657,0.650093226,0.074580485,0.056556868,0.004972032,0.0,0.21379739,0.019230769,0.031730769,48.05643252,0.30234375,0.928016222,59.0,0.0,0.13559322,0.79661017,0.06779661,0.0,0.0,1.677966102,0.033898305,0.0,0.084745763,0.084745763,0.016949153,0.050847458,0.0,0.237288136,0.0,0.033898305,0.050847458,0.050847458,0.101694915,0.050847458,0.033898305,0.152542373,0.220338983,0.254237288,1.0,0.338983051,1.0,3193,47.0,87.1,54.5,21.1,33.4,5,0,0,0,5,0,0.159822747,0.589955687,0.121418021,0.001477105,0.051698671,0.002363368,0.066174298,0.051,0.953,4.0,2.0,0.0,3193,0.051,0.953,Station 6 - 1st Due,COLES,Manassas,Lindau Woods,1056,739,227,3,18,3,20,31,54,26,86,26,Primary Fire Station - Station 6,1,0,11,5,104,7,11,1.0,0,1
51153901235,0.339214381,0.058255659,0.015494636,0.086099585,0.008394544,0.015450186,0.038948069,0.096537949,0.175384615,0.018572825,7.305967213,55.5639,0.168482614,28.01414325,614805.5949,0.105947948,0.0,104.3217671,4.259698461,0.0,0.044497015,0.0,3004,1023,953,0.017976032,0.007989348,0.059811123,0.018887723,0.0,0.0,0.0,0.006295908,0.0,0.0074,0.068426197,0.01417704,0.482915718,0.243166287,0.046127563,0.0,0.009111617,0.218678816,0.015739769,0.010493179,40.92930029,0.262654321,0.945073236,2.0,0.0,0.5,0.5,0.0,0.0,0.0,1.5,0.0,0.0,0.0,0.0,0.5,0.0,0.0,0.0,0.0,0.0,0.0,0.0,0.0,0.0,0.0,0.5,0.0,0.0,1.0,0.5,1.0,2875,37.4,116.3,63.6,17.8,45.8,0,0,0,0,0,0,0.118025751,0.501532802,0.192519926,0.001532802,0.105150215,0.0,0.07020233,0.046,0.95,6.0,7.0,3.0,2875,0.046,0.95,Station 14 - 1st Due,OCCOQUAN,Dale City,Forest Ridge,491,324,109,5,1,3,9,17,25,16,51,15,Primary Fire Station - Station 14,0,0,7,7,6,3,0,0.0,0,0
51153901236,0.489951706,0.057053292,0.026108075,0.05681999,0.029072682,0.058394161,0.061380277,0.091603053,0.175384615,0.015556636,7.28231612,55.42987,0.165762929,28.8129088,719717.9022,0.098922731,0.91617167,59.70919668,5.404692188,0.0,0.076228537,0.0,6419,2057,1995,0.039725814,0.044243652,0.097243108,0.040601504,0.090422946,0.0,0.004511278,0.006015038,0.000311575,0.1763,0.030140982,0.07910234,0.714156627,0.084337349,0.053915663,0.006325301,0.02560241,0.115662651,0.041102757,0.018045113,44.53763624,0.299659401,0.823437744,65.0,0.0,0.030769231,0.907692308,0.061538462,0.0,0.0,1.738461538,0.030769231,0.0,0.015384615,0.061538462,0.015384615,0.076923077,0.030769231,0.323076923,0.0,0.0,0.0,0.030769231,0.046153846,0.046153846,0.030769231,0.061538462,0.169230769,0.2,1.0,0.292307692,1.0,6762,36.2,89.0,64.6,15.5,49.0,1,2,1,1,2,1,0.119735629,0.41761451,0.259452813,0.002459268,0.121426376,0.000768521,0.071165078,0.06,0.819,15.0,17.0,3.0,6762,0.06,0.819,Station 26 - 1st Due,OCCOQUAN,Dale City,Lakepointe,1500,1060,316,17,17,0,29,56,75,38,120,42,Primary Fire Station - Station 26,2,1,16,10,89,3,20,1.3,1,2
51153901237,0.468812877,0.114352783,0.080616479,0.101100413,0.063793103,0.042795233,0.068075117,0.047283702,0.174358974,0.034846029,7.283647268,55.60815,0.175421724,30.76627588,757680.308,0.107749289,2.792380598,61.16205887,5.646726673,0.0,0.0,0.0,2982,1234,1160,0.101945003,0.063380282,0.25,0.147413793,0.074554295,0.0,0.031034483,0.007758621,0.0,0.5243,0.059967585,0.165061898,0.734153846,0.092923077,0.048615385,0.0,0.016,0.108307692,0.092241379,0.003448276,48.28502415,0.23671875,0.717639168,9.0,0.0,0.111111111,0.666666667,0.222222222,0.0,0.0,2.0,0.0,0.0,0.0,0.111111111,0.0,0.111111111,0.111111111,0.111111111,0.0,0.0,0.0,0.0,0.0,0.0,0.0,0.111111111,0.333333333,0.222222222,1.0,0.333333333,1.0,3079,34.0,96.9,44.1,4.1,40.1,1,0,0,0,1,0,0.18627451,0.382352941,0.245098039,0.000865052,0.094867359,0.004901961,0.077854671,0.101,0.724,1.0,6.0,5.0,3079,0.101,0.724,Station 14 - 1st Due,OCCOQUAN,Dale City,Devonwood,565,433,101,9,15,2,15,33,42,24,61,15,Primary Fire Station - Station 14,0,0,8,11,16,1,12,2.1,0,0
51153901303,0.477250726,0.098212532,0.014400536,0.057308809,0.04950495,0.09622093,0.088480155,0.058276864,0.172307692,0.005940594,7.241266667,54.23682,0.146712605,28.26367742,591954.0699,0.302704195,0.8484033,2630.700369,7.087112302,0.0,0.108488097,0.117614141,5165,1515,1515,0.024201355,0.054017425,0.127392739,0.036963696,0.0,0.0,0.018481848,0.0,0.000774443,0.1717,0.0,0.104937077,0.632836855,0.108070662,0.07481815,0.0,0.003810184,0.18046415,0.131353135,0.027062706,51.43174134,0.488392857,0.866498741,36.0,0.0,0.166666667,0.777777778,0.055555556,0.0,0.0,1.861111111,0.027777778,0.0,0.0,0.083333333,0.027777778,0.138888889,0.0,0.333333333,0.027777778,0.027777778,0.111111111,0.083333333,0.111111111,0.0,0.027777778,0.25,0.194444444,0.222222222,1.0,0.333333333,1.0,5242,36.0,119.1,53.9,9.2,44.6,0,0,0,0,0,0,0.182690425,0.532210691,0.117289994,0.000979048,0.102800078,0.000391619,0.057568044,0.075,0.886,4.0,7.0,4.0,5242,0.075,0.886,Station 7 - 1st Due,COLES,Manassas,Country Roads,412,257,94,12,1,0,1,4,10,7,13,4,Primary Fire Station - Station 7,0,0,3,3,31,0,0,0.0,0,0
51153901304,0.356723338,0.160520607,0.087521174,0.107264297,0.012345679,0.086021505,0.070788253,0.139721793,0.209230769,0.231462926,7.207362295,53.95925,0.140541347,20.03678564,379195.2314,0.171659754,0.078955536,1492.856626,4.302408094,,0.140612845,0.029659571,3235,998,972,0.063987635,0.134775889,0.103909465,0.038065844,0.0,0.006012024,0.027777778,0.012345679,0.0,0.4604,0.026052104,0.14683153,0.71039604,0.136757426,0.034034653,0.0,0.00990099,0.108910891,0.060699588,0.03909465,43.51388889,0.171186441,0.923956723,53.0,0.0,0.169811321,0.79245283,0.037735849,0.0,0.0,1.528301887,0.037735849,0.056603774,0.0,0.113207547,0.037735849,0.075471698,0.0,0.226415094,0.075471698,0.0,0.094339623,0.056603774,0.150943396,0.018867925,0.037735849,0.245283019,0.132075472,0.264150943,1.0,0.339622642,1.0,3181,40.7,144.9,62.1,22.2,39.9,0,1,0,0,2,0,0.167443528,0.700968089,0.025457153,0.003585515,0.036213697,0.0,0.060595195,0.107,0.927,2.0,7.0,2.0,3181,0.107,0.927,Station 7 - 1st Due,BRENTSVILLE,Manassas,Westchester,685,490,137,8,14,0,11,34,31,18,48,9,Primary Fire Station - Station 7,0,0,5,2,65,4,12,1.8,0,0
51153901305,0.241523342,0.060687961,0.029242175,0.101644245,0.0,0.029229083,0.011056511,0.113759214,0.219487179,0.274831964,7.072805464,53.01148,0.098169964,9.83668407,179803.7856,0.119948396,0.069561466,2084.149365,2.760155603,,0.303630103,0.04592138,4070,1339,1259,0.057493857,0.081818182,0.146147736,0.056393963,0.0,0.0,0.0,0.037331215,0.0,0.0652,0.059746079,0.045092177,0.617047817,0.060706861,0.027442827,0.00997921,0.0,0.284823285,0.021445592,0.034948372,43.48982558,0.348717949,0.888452089,81.0,0.012345679,0.222222222,0.728395062,0.037037037,0.012345679,0.0,1.543209877,0.024691358,0.012345679,0.049382716,0.111111111,0.024691358,0.074074074,0.012345679,0.185185185,0.024691358,0.037037037,0.024691358,0.037037037,0.135802469,0.148148148,0.024691358,0.308641975,0.111111111,0.296296296,1.0,0.185185185,0.148148148,3944,41.0,94.0,50.9,19.0,31.9,3,1,0,0,8,0,0.106809445,0.764140582,0.025809995,0.000549149,0.030752334,0.0,0.064799561,0.078,0.913,5.0,4.0,1.0,3944,0.078,0.913,Station 5 - 1st Due,BRENTSVILLE,Manassas,Highland Farms Court,1167,808,277,13,12,1,27,53,50,40,104,25,Primary Fire Station - Station 5,1,1,3,6,156,1,8,0.7,0,0
51153901306,0.263928504,0.061988971,0.044646098,0.067644817,0.020883055,0.042307692,0.045826203,0.200608481,0.169230769,0.03156708,7.142773224,53.70509,0.106569856,15.30262334,282595.9029,0.098928441,0.553679854,300.4511606,3.342854984,0.0,0.521430771,0.0,5259,1774,1676,0.03498764,0.033086138,0.081145585,0.051312649,0.0,0.0,0.010739857,0.0,0.002091652,0.1596,0.05524239,0.042873476,0.654884075,0.096921323,0.014443178,0.0,0.025845686,0.207905739,0.00477327,0.011336516,45.0743762,0.469565217,0.982088415,83.0,0.024096386,0.060240964,0.831325301,0.084337349,0.024096386,0.0,1.674698795,0.0,0.012048193,0.0,0.072289157,0.0,0.060240964,0.024096386,0.21686747,0.012048193,0.0,0.024096386,0.048192771,0.108433735,0.048192771,0.0,0.168674699,0.277108434,0.228915663,1.0,0.228915663,0.951807229,5068,44.7,100.9,66.5,33.7,32.8,2,1,1,0,2,1,0.116496451,0.731521551,0.052968669,0.000519301,0.034620045,0.0,0.056949974,0.079,0.984,6.0,21.0,2.0,5068,0.079,0.984,Station 6 - 1st Due,BRENTSVILLE,Manassas,Shenandoah,1715,1177,363,11,14,5,32,84,79,49,155,25,Primary Fire Station - Station 6,1,0,14,9,140,6,34,2.0,2,1
51153901403,0.682694957,0.366557657,0.072700297,0.087810352,0.158961593,0.09332004,0.073022871,0.105814274,0.165128205,0.042019654,7.258681148,54.63028,0.180549271,30.88393054,977083.1264,0.366612226,4.422730184,4687.495242,5.705093064,0.0,0.0,0.325971238,7258,2951,2812,0.202672913,0.20584183,0.370910384,0.01173542,0.459166384,0.0,0.09886202,0.077524893,0.018324607,0.8973,0.047102677,0.177444242,0.708500939,0.179404666,0.007508715,0.032716546,0.011263073,0.060606061,0.075391181,0.04658606,36.09129815,0.34643436,0.388912281,143.0,0.013986014,0.055944056,0.825174825,0.104895105,0.013986014,0.006993007,1.678321678,0.076923077,0.006993007,0.041958042,0.041958042,0.0,0.048951049,0.027972028,0.216783217,0.006993007,0.020979021,0.0,0.062937063,0.027972028,0.027972028,0.083916084,0.132867133,0.153846154,0.195804196,1.0,0.300699301,1.0,7489,35.5,114.2,53.4,16.1,37.3,3,0,0,1,4,8,0.35519692,0.30056263,0.161533906,0.000592242,0.125259106,0.000740302,0.049748297,0.157,0.36,46.0,10.0,5.0,7489,0.157,0.36,Station 11 - 1st Due,GAINESVILLE,Manassas,Tara Wood,3555,2941,397,27,70,11,38,67,88,63,137,22,Primary Fire Station - Station 11,0,2,79,34,302,12,81,2.3,1,24
51153901407,0.823261117,0.336919203,0.020736503,0.0672748,0.201037613,0.2067274,0.083238312,0.042873432,0.197948718,0.035669587,7.24122541,54.74085,0.202948994,19.0339834,1078329.222,0.214390834,4.41068974,5115.589548,5.667451078,0.0,0.0,0.525354825,4385,1598,1542,0.196123147,0.222576967,0.353437095,0.101167315,0.438047559,0.0,0.059014267,0.014267185,0.0,0.7751,0.035043805,0.113568985,0.72640118,0.196165192,0.005899705,0.009955752,0.018067847,0.043510324,0.083657588,0.042801556,41.39745567,0.356697905,0.392702395,100.0,0.0,0.08,0.84,0.08,0.0,0.0,1.47,0.05,0.29,0.0,0.07,0.03,0.12,0.01,0.18,0.04,0.01,0.06,0.08,0.19,0.03,0.05,0.25,0.14,0.14,0.97,0.24,1.0,4207,34.6,102.3,42.6,8.7,33.8,0,1,1,0,7,3,0.437720744,0.226983753,0.157052037,0.001883683,0.12314575,0.0,0.047327525,0.106,0.465,55.0,12.0,2.0,4207,0.106,0.465,Station 22 - 1st Due,GAINESVILLE,Haymarket,Port Tavern Court,2039,1531,385,12,49,0,17,36,70,44,94,19,Primary Fire Station - Station 22,3,14,58,17,238,16,92,4.5,2,20
51153901409,0.580809197,0.162071284,0.017282479,0.046854083,0.070965541,0.080970277,0.050409021,0.05836834,,0.018242123,7.218084973,54.12167,0.155699602,12.72587728,581431.9453,0.306242924,0.870076708,11281.03011,5.254083407,0.0,0.000401169,0.165207398,9046,3015,2931,0.07450807,0.078045545,0.234049812,0.069600819,0.193698176,0.0,0.044353463,0.0,0.015144815,0.5377,0.027860697,0.081325301,0.789538715,0.047775947,0.009678748,0.0,0.012355848,0.140650741,0.027635619,0.0139884,45.80154946,0.383218292,0.642496352,271.0,0.007380074,0.103321033,0.811808118,0.077490775,0.007380074,0.0,1.878228782,0.022140221,0.103321033,0.011070111,0.051660517,0.0,0.066420664,0.007380074,0.210332103,0.022140221,0.018450185,0.033210332,0.051660517,0.166051661,0.04797048,0.022140221,0.114391144,0.121771218,0.188191882,1.0,0.247232472,1.0,9185,33.1,99.8,49.4,9.3,40.1,3,1,0,0,2,1,0.176429076,0.462479417,0.16796048,0.001176194,0.118677958,0.001176194,0.066102094,0.076,0.623,96.0,24.0,1.0,9185,0.076,0.623,Station 25 - 1st Due,BRENTSVILLE,Manassas,University Boulevard,2932,1847,927,35,30,3,32,57,102,63,174,41,Primary Fire Station - Station 25,3,2,49,32,453,9,13,0.4,0,4
51153901411,0.379436153,0.052974599,0.03610467,0.072222222,0.075356415,0.038694393,0.045936982,0.140961857,0.117948718,0.025037556,7.049350546,53.51964,0.139684521,6.774639548,444379.567,0.06766757,1.027627487,3872.754009,6.242032576,0.0,0.0,0.066519828,6030,1997,1964,0.048922056,0.012935323,0.148167006,0.015784114,0.030045068,0.0,0.0,0.006619145,0.007628524,0.1351,0.016524787,0.05,0.657515443,0.063143445,0.033973919,0.017501716,0.012010981,0.215854496,0.00610998,0.012219959,42.85229759,0.277427185,0.941009358,35.0,0.0,0.085714286,0.885714286,0.028571429,0.0,0.0,1.485714286,0.0,0.0,0.0,0.085714286,0.0,0.057142857,0.028571429,0.314285714,0.0,0.028571429,0.0,0.0,0.028571429,0.028571429,0.0,0.085714286,0.228571429,0.2,0.971428571,0.228571429,0.885714286,5901,43.4,97.6,67.1,25.2,41.9,0,0,0,0,4,1,0.100734214,0.575624082,0.091042584,0.001174743,0.176211454,0.000293686,0.048898678,0.059,0.966,21.0,5.0,1.0,5901,0.059,0.966,Station 4 - 1st Due,BRENTSVILLE,Haymarket,Gainesville,2441,2018,294,18,18,12,34,65,48,31,110,27,Primary Fire Station - Station 4,2,0,12,9,80,9,84,3.4,2,0
51153901412,0.365535922,0.052298554,0.031505532,0.06612107,0.008207934,0.013560052,0.097381659,0.03985554,0.172307692,0.0,7.117303825,53.72243,0.143570621,7.497936201,392068.2804,0.116797124,0.285305005,5239.687031,5.382310528,0.0,0.0,0.105045014,7753,2193,2193,0.035857088,0.037017929,0.071135431,0.019151847,0.0,0.006839945,0.021887825,0.031007752,0.0,0.105,0.0,0.046765394,0.656131479,0.093046776,0.017193426,0.0,0.003792668,0.229835651,0.05243958,0.01869585,41.10472751,0.263601036,0.934219012,33.0,0.0,0.272727273,0.636363636,0.090909091,0.0,0.0,1.787878788,0.121212121,0.0,0.0,0.03030303,0.0,0.121212121,0.060606061,0.181818182,0.0,0.0,0.03030303,0.0,0.03030303,0.0,0.090909091,0.151515152,0.242424242,0.424242424,1.0,0.303030303,1.0,7645,38.2,96.9,55.7,7.1,48.6,1,0,0,0,2,1,0.125739645,0.519230769,0.107125247,0.000862919,0.176651874,0.000862919,0.065335306,0.057,0.929,4.0,2.0,1.0,7645,0.057,0.929,Station 25 - 1st Due,BRENTSVILLE,Haymarket,Broad Run Village,835,609,164,13,12,1,21,36,56,19,76,15,Primary Fire Station - Station 25,1,0,9,10,49,1,3,0.4,0,0
51153901413,0.418531073,0.047098976,0.069227691,0.094847241,0.0,0.041746457,0.042033898,0.053333333,0.17025641,0.006960557,7.148630055,53.74839,0.14417774,8.502334274,404700.5631,0.14016905,0.0,7165.229597,4.728430592,0.0,0.0,0.114530274,4425,1293,1293,0.019661017,0.034350282,0.073472544,0.098994586,0.0,0.006187162,0.013921114,0.009280742,0.0,0.2911,0.0,0.058139535,0.687738651,0.120916419,0.009333899,0.0,0.002545609,0.179465422,0.015467904,0.013147718,42.93433299,0.357876712,0.942824859,11.0,0.090909091,0.0,0.818181818,0.090909091,0.090909091,0.0,1.636363636,0.0,0.0,0.090909091,0.0,0.0,0.0,0.0,0.181818182,0.0,0.0,0.0,0.0,0.090909091,0.0,0.0,0.363636364,0.181818182,0.454545455,1.0,0.272727273,1.0,4321,35.1,96.1,56.9,8.0,48.9,1,0,0,0,0,0,0.139209591,0.572824156,0.089698046,0.000888099,0.113232682,0.0,0.076376554,0.083,0.949,0.0,4.0,6.0,4321,0.083,0.949,Station 25 - 1st Due,BRENTSVILLE,Haymarket,Broad Run Village,489,356,104,5,9,0,10,18,28,12,42,8,Primary Fire Station - Station 25,1,0,5,5,27,2,2,0.4,0,0
51153901414,0.378338822,0.038053421,0.039674106,0.090659341,0.024238658,0.032206119,0.020307355,0.168313209,0.139487179,0.022045315,7.117794262,53.46698,0.134923811,8.836438622,350894.2539,0.157380696,0.0,6443.013978,5.503940379,0.0,0.0,0.107046024,5466,1633,1609,0.038053421,0.044273692,0.059042884,0.025481666,0.0,0.0,0.0,0.006836544,0.0,0.0801,0.014696877,0.017399267,0.648141332,0.046006625,0.026131763,0.002576371,0.009569378,0.267574531,0.009322561,0.018023617,41.50628141,0.27,0.973289426,21.0,0.0,0.095238095,0.857142857,0.047619048,0.0,0.0,1.523809524,0.047619048,0.0,0.142857143,0.047619048,0.0,0.047619048,0.0,0.428571429,0.047619048,0.0,0.0,0.047619048,0.095238095,0.095238095,0.047619048,0.095238095,0.047619048,0.523809524,1.0,0.095238095,0.619047619,5453,42.5,101.0,80.8,30.6,50.2,1,0,0,0,1,0,0.134724473,0.58691248,0.102714749,0.001012966,0.112236629,0.001418152,0.057941653,0.067,0.93,5.0,0.0,0.0,5453,0.067,0.93,Station 25 - 1st Due,BRENTSVILLE,Haymarket,Twin Oaks,1215,843,147,8,7,2,28,83,80,45,147,38,Primary Fire Station - Station 25,0,0,8,11,36,1,25,2.1,1,0
51153901415,0.334317511,0.011355894,0.050376835,0.041286496,0.008778347,0.035113934,0.08017261,0.074948898,,0.023141655,7.164563115,53.70865,0.136491879,9.870704647,444171.7625,0.186489048,0.202635377,8605.292074,5.197768188,0.0,0.0,0.116597834,4403,1426,1367,0.0,0.024755848,0.068032187,0.028529627,0.0,0.0,0.005120702,0.0,0.0,0.0398,0.041374474,0.028512774,0.675856307,0.054720134,0.051796157,0.012531328,0.022556391,0.182539683,0.0,0.020482809,46.6594277,0.219662921,0.855553032,22.0,0.0,0.227272727,0.727272727,0.045454545,0.0,0.0,1.363636364,0.181818182,0.0,0.090909091,0.045454545,0.0,0.090909091,0.045454545,0.227272727,0.0,0.0,0.0,0.045454545,0.045454545,0.045454545,0.181818182,0.045454545,0.090909091,0.318181818,1.0,0.136363636,0.954545455,4498,39.1,108.6,61.9,12.2,49.7,1,1,0,0,1,1,0.141098485,0.59469697,0.093276515,0.000710227,0.106534091,0.003077652,0.055397727,0.07,0.871,7.0,3.0,2.0,4498,0.07,0.871,Station 25 - 1st Due,BRENTSVILLE,Haymarket,Bristow,1045,755,141,10,5,2,11,25,27,17,52,16,Primary Fire Station - Station 25,0,0,10,4,41,3,17,1.6,1,1
51153901416,0.369628621,0.205910947,0.025993316,0.036399217,0.121299639,0.016753927,0.0771923,0.034804589,,0.0,7.167143716,53.61287,0.141208433,10.93174712,438879.4065,0.235894242,0.607076652,6121.219071,5.234215496,0.0,0.045004363,0.114127752,5143,1437,1385,0.192689092,0.019832782,0.219494585,0.009386282,0.0,0.0,0.009386282,0.010830325,0.0,0.0879,0.0361865,0.23444227,0.655836796,0.070268228,0.04835663,0.00793351,0.003777862,0.213826974,0.00866426,0.015884477,41.20975493,0.335294118,0.936807311,24.0,0.0,0.125,0.875,0.0,0.0,0.0,2.541666667,0.0,0.0,0.0,0.083333333,0.0,0.208333333,0.0,0.208333333,0.0,0.0,0.0,0.0,0.125,0.0,0.0,0.166666667,0.166666667,0.333333333,1.0,0.291666667,1.0,5129,36.7,94.9,62.4,6.3,56.1,0,0,0,1,0,1,0.132223114,0.555778491,0.125802568,0.004012841,0.113764045,0.001605136,0.060995185,0.051,0.91,7.0,1.0,3.0,5129,0.051,0.91,Station 25 - 1st Due,BRENTSVILLE,Haymarket,Avendale,742,556,143,11,10,3,15,28,40,23,60,16,Primary Fire Station - Station 25,1,0,2,10,57,1,2,0.3,0,0
51153901417,0.281400137,0.099862732,0.012408347,0.085106383,0.0,0.056256062,0.045298559,0.143102265,0.166153846,0.192064923,7.069313388,53.02802,0.119054681,7.154853106,304704.7965,0.145635746,0.144079864,3721.163806,4.412729244,0.0,0.062162312,0.061712742,2914,1109,1029,0.077899794,0.053877831,0.178814383,0.104956268,0.0,0.0,0.022351798,0.003887269,0.0,0.1948,0.07213706,0.037062457,0.725559482,0.041813899,0.038869258,0.010011779,0.004711425,0.179034158,0.018464529,0.017492711,41.64275466,0.45745614,0.905284832,76.0,0.026315789,0.171052632,0.710526316,0.092105263,0.026315789,0.0,1.802631579,0.013157895,0.0,0.039473684,0.092105263,0.065789474,0.131578947,0.013157895,0.223684211,0.026315789,0.026315789,0.092105263,0.039473684,0.118421053,0.052631579,0.013157895,0.197368421,0.157894737,0.184210526,1.0,0.236842105,0.27631579,3054,43.6,93.8,62.0,21.8,40.2,2,1,1,0,6,1,0.115844762,0.689524365,0.065655092,0.001459002,0.065946892,0.0,0.060694485,0.073,0.83,10.0,8.0,1.0,3054,0.073,0.83,Station 25 - 1st Due,BRENTSVILLE,Haymarket,Lonesome Road,1141,806,240,18,5,3,25,54,67,42,101,22,Primary Fire Station - Station 25,0,0,5,3,171,1,7,0.6,1,1
51153901418,0.834821429,0.230407155,0.020378977,0.072894551,0.078637771,0.225558404,0.102443609,0.078947368,0.185641026,0.0,7.223435792,54.60217,0.203530081,18.34058665,877362.1922,0.226307363,0.752255912,6239.032357,5.351364156,0.0,0.0,0.367330819,4256,1797,1615,0.134633459,0.199718045,0.186996904,0.079876161,0.64329438,0.0,0.113931889,0.014860681,0.0,0.7186,0.101279911,0.18141071,0.607319863,0.13495997,0.0,0.067479985,0.0,0.190240183,0.138080495,0.116408669,35.93808851,0.268893298,0.251174812,61.0,0.0,0.114754098,0.786885246,0.098360656,0.0,0.0,1.409836066,0.032786885,0.262295082,0.0,0.049180328,0.0,0.016393443,0.0,0.180327869,0.016393443,0.016393443,0.131147541,0.06557377,0.147540984,0.032786885,0.032786885,0.229508197,0.229508197,0.114754098,0.950819672,0.262295082,1.0,4338,36.5,82.6,50.9,15.0,35.9,1,0,0,0,2,0,0.341227646,0.27477042,0.223779604,0.002174964,0.089898502,0.000966651,0.057515708,,0.277,92.0,16.0,0.0,4338,,0.277,Station 22 - 1st Due,GAINESVILLE,Haymarket,Coverstone,1397,928,398,32,34,1,17,43,64,41,88,15,Primary Fire Station - Station 22,3,1,36,10,112,9,10,0.7,2,2
51153901419,0.871253584,0.493614803,0.00984456,0.052631579,0.221645663,0.257922535,0.121970289,0.049517852,0.185641026,0.0,7.241790164,54.72354,0.206578348,19.64821031,979250.1006,0.214662233,0.766767565,5220.87153,5.691840172,0.0,0.0,0.500864601,3837,1404,1349,0.345582486,0.191034663,0.481097109,0.087472202,0.351139601,0.0,0.064492216,0.058561898,0.0,0.864,0.039173789,0.185126997,0.744747899,0.18907563,0.0,0.008928571,0.0,0.057247899,0.078576724,0.025945145,27.04735376,0.401004872,0.294240292,9.0,0.0,0.111111111,0.888888889,0.0,0.0,0.0,1.444444444,0.444444444,0.0,0.0,0.222222222,0.0,0.0,0.0,0.222222222,0.111111111,0.0,0.0,0.333333333,0.0,0.0,0.444444444,0.222222222,0.222222222,0.0,1.0,0.555555556,1.0,3801,26.6,73.6,72.5,8.8,63.7,0,0,0,0,0,0,0.463934426,0.162763466,0.205854801,0.000702576,0.110070258,0.001405152,0.048009368,0.195,0.354,10.0,3.0,3.0,3801,0.195,0.354,Station 22 - 1st Due,GAINESVILLE,Haymarket,Coverstone,675,565,77,11,12,2,7,15,41,23,56,7,Primary Fire Station - Station 22,1,1,35,11,25,6,2,0.3,1,2
51153901420,0.43715342,0.090804067,0.02378687,0.033502773,0.026387625,0.063323417,0.058918669,0.049907579,0.148717949,0.011828935,7.20072623,54.15242,0.144223011,11.18063706,555596.3442,0.218103512,0.935752388,27419.69553,5.437897325,0.0,0.0,0.162991953,4328,1099,1099,0.045748614,0.044824399,0.070973612,0.030027298,0.0,0.0,0.030027298,0.000909918,0.0,0.1157,0.0,0.069085028,0.799192735,0.065590313,0.014631685,0.0,0.010595358,0.109989909,0.029117379,0.04822566,46.77154195,0.273657718,0.901340111,24.0,0.0,0.125,0.833333333,0.041666667,0.0,0.0,1.791666667,0.041666667,0.0,0.0,0.0,0.041666667,0.041666667,0.0,0.208333333,0.0,0.041666667,0.0,0.0,0.0,0.041666667,0.041666667,0.125,0.125,0.125,1.0,0.166666667,1.0,4184,31.1,107.7,80.1,11.4,68.7,0,0,0,0,0,0,0.154861417,0.514078311,0.133523977,0.002199736,0.134843819,0.0,0.054993401,0.044,0.923,6.0,9.0,2.0,4184,0.044,0.923,Station 25 - 1st Due,BRENTSVILLE,Haymarket,Arcadia Run Apartments,595,416,134,10,5,1,10,25,44,20,68,14,Primary Fire Station - Station 25,0,0,8,5,38,3,1,0.2,2,0
51153901421,0.418205318,0.01957164,0.071765499,0.041851852,0.009509876,0.041680672,0.117060561,0.052806499,0.148717949,0.0,7.16907623,54.08448,0.145737437,9.792885342,599375.2401,0.160804057,1.442536194,17675.5175,5.31892249,0.0,0.0,0.134584421,5416,1382,1367,0.01957164,0.027141802,0.038039503,0.046817849,0.015918958,0.0,0.0,0.015362107,0.007200886,0.2119,0.010853835,0.038148148,0.713213213,0.019894895,0.021771772,0.0,0.0,0.24512012,0.036576445,0.025603511,43.33374384,0.383057851,0.911102846,152.0,0.019736842,0.078947368,0.782894737,0.118421053,0.026315789,0.0,1.585526316,0.013157895,0.15131579,0.0,0.046052632,0.013157895,0.065789474,0.006578947,0.190789474,0.019736842,0.019736842,0.072368421,0.032894737,0.092105263,0.072368421,0.013157895,0.164473684,0.177631579,0.190789474,0.927631579,0.27631579,1.0,5336,33.8,98.1,76.5,12.2,64.3,6,0,1,0,5,3,0.116502867,0.485053235,0.133497133,0.001228501,0.17956593,0.00020475,0.078828829,0.059,0.861,42.0,18.0,1.0,5336,0.059,0.861,Station 4 - 1st Due,BRENTSVILLE,Haymarket,Rollins Ford Road,2116,1526,491,18,49,2,19,57,76,43,125,30,Primary Fire Station - Station 4,2,0,38,9,353,6,4,0.2,2,3
51153901503,0.230148301,0.046069951,0.028068989,0.103059884,0.017204301,0.038461538,0.047493899,0.18828609,0.173333333,0.074733096,7.166689071,55.10022,0.126992287,8.032805235,312814.1955,0.071820245,0.20809215,2177.196051,5.143982653,0.0,0.0,0.087515701,5327,1967,1860,0.023840811,0.054251924,0.084408602,0.033870968,0.0,0.0,0.00483871,0.0,0.0,0.0629,0.05439756,0.021024967,0.67623096,0.056323061,0.014169323,0.0,0.006376196,0.246900461,0.027956989,0.006989247,42.86688617,0.447093023,0.972029285,214.0,0.023364486,0.14953271,0.799065421,0.028037383,0.028037383,0.0,1.803738318,0.014018692,0.168224299,0.0,0.088785047,0.037383178,0.102803738,0.009345794,0.26635514,0.056074766,0.018691589,0.093457944,0.065420561,0.14953271,0.060747664,0.014018692,0.252336449,0.210280374,0.182242991,0.971962617,0.355140187,0.537383178,5509,42.7,110.8,78.6,32.4,46.1,1,0,0,0,9,2,0.094308405,0.756121774,0.031105228,0.00198544,0.05641959,0.000827267,0.05443415,0.06,0.973,17.0,16.0,0.0,5509,0.06,0.973,Station 15 - 1st Due,GAINESVILLE,Haymarket,Catharpin Farms,2125,1526,470,26,14,4,32,81,67,45,134,30,Primary Fire Station - Station 15,6,2,24,12,402,4,32,1.5,0,5
51153901504,0.281539108,0.046587216,0.062906725,0.242903575,0.04921875,0.017077799,0.017872161,0.640243902,0.201025641,0.0,7.14710765,54.44747,0.180949603,8.260235306,665546.7893,0.077071045,0.274337256,4733.523317,7.104761769,0.0,0.0,0.121510619,4756,2655,2560,0.024600505,0.010723297,0.17109375,0.067578125,0.130320151,0.0,0.0,0.026171875,0.029646762,0.3614,0.035781544,0.014734561,0.512345679,0.039351852,0.010030864,0.043981481,0.012345679,0.381944444,0.017578125,0.0296875,30.09987516,0.416230769,0.830119177,79.0,0.0,0.151898734,0.797468354,0.050632911,0.0,0.0,1.949367089,0.012658228,0.164556962,0.0,0.088607595,0.0,0.088607595,0.0,0.240506329,0.0,0.025316456,0.088607595,0.075949367,0.139240506,0.025316456,0.012658228,0.35443038,0.316455696,0.164556962,0.974683544,0.316455696,1.0,4897,72.4,79.4,256.4,221.5,34.9,0,0,0,0,0,2,0.043072353,0.782304265,0.053256949,0.001485254,0.088903034,0.0,0.027158922,0.121,0.858,10.0,3.0,0.0,4897,0.121,0.858,Station 4 - 1st Due,GAINESVILLE,Haymarket,Gainesville,4028,3041,329,16,6,14,87,214,138,84,313,82,Primary Fire Station - Station 4,1,0,4,11,134,4,59,1.5,0,0
51153901505,0.337708995,0.089539865,0.05328071,0.071052632,0.026617715,0.036733791,0.027497582,0.111786652,0.172307692,0.013767783,7.065218306,54.3836,0.156329145,6.548174136,374637.8391,0.0,0.0,2971.557069,6.286016652,0.0,0.0,0.09613267,7237,2179,2179,0.049468012,0.091336189,0.071133548,0.055071134,0.0,0.013308857,0.0,0.006883892,0.0,0.1754,0.0,0.046952909,0.646753955,0.080741953,0.026459356,0.005728314,0.015002728,0.225313693,0.026617715,0.058742542,45.33890845,0.290277778,0.986873014,35.0,0.028571429,0.114285714,0.742857143,0.114285714,0.028571429,0.028571429,1.4,0.114285714,0.0,0.0,0.085714286,0.028571429,0.0,0.085714286,0.257142857,0.0,0.0,0.028571429,0.057142857,0.057142857,0.028571429,0.142857143,0.142857143,0.2,0.457142857,1.0,0.228571429,1.0,7208,43.8,98.4,56.9,20.1,36.8,3,0,1,0,0,0,0.087886295,0.596557569,0.104968053,0.00052158,0.142913026,0.0,0.062589647,0.058,0.936,1.0,3.0,5.0,7208,0.058,0.936,Station 4 - 1st Due,GAINESVILLE,Haymarket,Long Level Estates,956,662,195,17,10,5,32,61,61,32,114,31,Primary Fire Station - Station 4,0,1,13,4,48,0,2,0.2,3,0
51153901506,0.612410842,0.089443652,0.003377501,0.042030021,0.102153506,0.062361351,0.072039943,0.056633381,0.17025641,0.002139037,7.075037705,54.13087,0.179633357,6.843752222,601753.7969,0.0,0.83968763,3484.00807,8.18312398,0.0,0.0,0.085338884,7010,1870,1811,0.07318117,0.127104137,0.070127002,0.088348978,0.0,0.0,0.050800663,0.001656543,0.0,0.2702,0.031550802,0.084060043,0.735168359,0.071886692,0.039283805,0.00908605,0.006948156,0.137626938,0.045831033,0.05963556,40.77936164,0.331097561,0.721968616,28.0,0.0,0.107142857,0.892857143,0.0,0.0,0.0,1.785714286,0.214285714,0.107142857,0.0,0.035714286,0.0,0.0,0.0,0.25,0.035714286,0.0,0.035714286,0.035714286,0.035714286,0.0,0.178571429,0.071428571,0.25,0.142857143,1.0,0.214285714,1.0,6803,31.8,116.5,52.8,8.4,44.4,0,0,0,0,0,0,0.137825145,0.457189306,0.125541908,0.000361272,0.201589595,0.000903179,0.069544798,0.056,0.782,25.0,7.0,2.0,6803,0.056,0.782,Station 4 - 1st Due,GAINESVILLE,Haymarket,Dartmoor Park (Parks at Piedmont),658,463,159,5,7,3,13,20,33,12,68,18,Primary Fire Station - Station 4,0,0,17,9,66,3,1,0.2,0,0
51153901507,0.475295755,0.119345859,0.030103996,0.077754533,0.032930845,0.036542923,0.100904662,0.072720946,0.171282051,0.044852192,7.072266393,54.06354,0.163339787,6.826187576,623076.4667,0.042961327,0.796963676,3303.357942,8.391445648,0.0,0.0,0.047969942,2874,981,911,0.081767571,0.050800278,0.155872667,0.06586169,0.017329256,0.0,0.0,0.0,0.00243563,0.2503,0.071355759,0.074616457,0.746277205,0.102520046,0.003436426,0.004581901,0.008018328,0.135166094,0.009879254,0.013172338,37.16247518,0.243884892,0.84059993,38.0,0.026315789,0.157894737,0.789473684,0.026315789,0.026315789,0.0,1.447368421,0.0,0.263157895,0.0,0.052631579,0.0,0.052631579,0.0,0.368421053,0.026315789,0.0,0.105263158,0.026315789,0.131578947,0.157894737,0.0,0.289473684,0.105263158,0.184210526,0.789473684,0.315789474,1.0,2954,34.5,117.2,54.4,11.1,43.3,2,1,0,0,5,3,0.152129817,0.556118999,0.100067613,0.000676133,0.129479378,0.000676133,0.053076403,0.079,0.884,25.0,17.0,0.0,2954,0.079,0.884,Station 4 - 1st Due,GAINESVILLE,Haymarket,John Marshall Highway,1093,753,294,12,17,1,13,26,39,25,63,13,Primary Fire Station - Station 4,1,0,7,10,119,12,28,2.6,0,4
51153901508,0.55389948,0.150433276,0.038580247,0.052686308,0.049944506,0.059850374,0.093067591,0.085615251,,0.022653722,7.030750546,53.67938,0.149238778,6.233590103,468447.3305,0.0,2.357783236,3068.288093,6.867800587,0.0,0.0,0.020263568,5770,1854,1802,0.12305026,0.071057192,0.251387347,0.034406215,0.17206041,0.011866235,0.027192009,0.068812431,0.0,0.6317,0.028047465,0.044367418,0.679935795,0.11364366,0.019261637,0.006741573,0.027929374,0.152487962,0.048279689,0.062708102,39.38162879,0.378287982,0.788214905,99.0,0.02020202,0.060606061,0.848484849,0.070707071,0.02020202,0.01010101,1.747474747,0.02020202,0.0,0.0,0.03030303,0.01010101,0.04040404,0.01010101,0.292929293,0.02020202,0.0,0.02020202,0.02020202,0.151515152,0.03030303,0.02020202,0.171717172,0.181818182,0.222222222,1.0,0.222222222,1.0,6035,34.9,105.2,52.1,10.8,41.2,2,0,0,2,3,4,0.133244945,0.436194896,0.155949619,0.001657275,0.202187604,0.00066291,0.063473649,0.089,0.719,23.0,8.0,0.0,6035,0.089,0.719,Station 4 - 1st Due,GAINESVILLE,Haymarket,Kennard Ridge,2761,2171,375,17,30,5,39,49,80,46,129,22,Primary Fire Station - Station 4,2,2,38,17,161,6,38,1.4,1,3
51153901509,0.359389155,0.049720888,0.01877053,0.072741393,0.0,0.0275,0.041930892,0.086579526,0.178461538,0.033806344,6.959657377,54.03897,0.106952991,4.807985149,183782.0852,0.019714216,0.067519657,1049.469179,4.565510676,0.0,0.0,0.0,7727,2396,2350,0.040248479,0.142357966,0.05106383,0.033617021,0.007095159,0.0,0.0,0.014893617,0.000129416,0.1027,0.019198664,0.043489516,0.656382185,0.052251804,0.015924359,0.0,0.004478726,0.270962926,0.035744681,0.022553191,45.73208191,0.344736842,0.943826042,62.0,0.0,0.225806452,0.709677419,0.064516129,0.0,0.0,1.467741935,0.048387097,0.080645161,0.0,0.096774194,0.064516129,0.048387097,0.032258065,0.258064516,0.080645161,0.0,0.161290323,0.016129032,0.112903226,0.129032258,0.048387097,0.177419355,0.112903226,0.161290323,1.0,0.258064516,0.241935484,7915,36.8,117.1,64.6,15.6,49.1,0,1,0,0,4,2,0.08319161,0.70904195,0.064909297,0.000566893,0.068027211,0.000141723,0.066609977,0.061,0.917,13.0,8.0,1.0,7915,0.061,0.917,Station 24 - 1st Due,GAINESVILLE,Haymarket,Knollwood Estates,1777,1191,405,26,15,6,35,89,77,38,171,41,Primary Fire Station - Station 24,2,1,13,12,222,6,11,0.6,2,1
51153901510,0.352069179,0.030153085,0.016858917,0.0648177,0.015797032,0.020747889,0.054817789,0.100525015,0.190769231,0.0,6.998020492,54.03059,0.124894709,5.064661754,335535.6132,0.0,0.0,1991.348808,5.951835481,0.0,0.0,0.0,6476,2132,2089,0.025941939,0.020228536,0.048348492,0.055050263,0.007035647,0.0,0.004786979,0.0,0.0,0.0453,0.020168856,0.02804612,0.652837096,0.037217816,0.042708969,0.002135448,0.014948139,0.250152532,0.001914792,0.028721877,48.0421074,0.234679666,0.805435454,23.0,0.043478261,0.130434783,0.739130435,0.086956522,0.043478261,0.0,1.47826087,0.0,0.086956522,0.0,0.043478261,0.130434783,0.043478261,0.0,0.086956522,0.0,0.0,0.086956522,0.0,0.043478261,0.130434783,0.0,0.260869565,0.347826087,0.260869565,1.0,0.304347826,0.956521739,6380,39.5,96.4,73.1,22.8,50.4,0,2,0,1,0,0,0.088298197,0.596089215,0.087228842,0.00091659,0.146654445,0.001069355,0.073938283,0.055,0.883,13.0,3.0,0.0,6380,0.055,0.883,Station 24 - 1st Due,GAINESVILLE,Haymarket,Dominion Valley Drive,878,557,216,5,13,4,24,47,41,12,86,19,Primary Fire Station - Station 24,0,0,10,6,44,0,2,0.2,0,0
51153901511,0.19128053,0.017804154,0.018308081,0.125343721,0.005297234,0.024405705,0.015978087,0.335539831,0.175384615,0.005720824,6.993227049,54.23153,0.108891426,4.43262802,199647.0654,0.0,0.09689622,1330.829672,5.672076161,0.0,0.0,0.0,4381,1748,1699,0.015978087,0.018488929,0.079458505,0.006474397,0.1298627,0.0,0.0,0.011183049,0.0,0.0722,0.028032037,0.024289643,0.615631006,0.098654709,0.013452915,0.00512492,0.0,0.267136451,0.008828723,0.023543261,46.34615385,0.215909091,0.986076238,9.0,0.111111111,0.111111111,0.777777778,0.0,0.111111111,0.111111111,1.333333333,0.0,0.0,0.0,0.0,0.0,0.0,0.0,0.111111111,0.0,0.0,0.0,0.0,0.111111111,0.0,0.111111111,0.111111111,0.333333333,0.333333333,1.0,0.222222222,1.0,4515,50.8,89.4,133.3,80.0,53.3,3,0,0,0,3,1,0.062673204,0.730334683,0.08036666,0.001065871,0.077382221,0.000639522,0.043913878,0.06,0.978,7.0,3.0,0.0,4515,0.06,0.978,Station 24 - 1st Due,GAINESVILLE,Haymarket,Mountain View Estates,1372,919,177,6,8,1,45,97,57,32,160,58,Primary Fire Station - Station 24,0,0,8,7,24,1,14,1.0,1,0
51153901601,0.789889078,0.4376491,0.042202779,0.090185105,0.030563515,0.239407509,0.097696246,0.134172355,0.191794872,0.013805004,7.2851,54.98499,0.169661101,25.20182499,857631.2688,0.270620022,1.414586791,3216.915637,5.00951769,0.0,0.0,0.564792941,4688,1159,1047,0.228455631,0.235708191,0.323782235,0.106972302,0.082830026,0.0,0.076408787,0.047755492,0.008959044,0.9477,0.09663503,0.234395179,0.809921962,0.085284281,0.004459309,0.0,0.03567447,0.064659978,0.141356256,0.045845272,37.23778308,0.472032374,0.736762807,93.0,0.0,0.075268817,0.817204301,0.107526882,0.0,0.0,1.784946237,0.053763441,0.0,0.032258065,0.129032258,0.0,0.043010753,0.032258065,0.161290323,0.021505376,0.010752688,0.0,0.075268817,0.021505376,0.010752688,0.053763441,0.150537634,0.150537634,0.139784946,1.0,0.311827957,1.0,3651,35.5,78.7,75.3,25.5,49.8,2,1,0,0,2,1,0.544794189,0.286198547,0.071186441,0.0031477,0.066828087,0.0,0.023970944,0.153,0.746,14.0,7.0,10.0,3651,0.153,0.746,Station 11 - 1st Due,GAINESVILLE,Manassas,West Gate of Lomond,1547,1235,205,17,18,4,12,40,58,30,86,11,Primary Fire Station - Station 11,0,0,21,9,134,6,28,1.8,0,3
51153901602,0.689387609,0.227852672,0.014952888,0.068759699,0.094764998,0.161139217,0.073176555,0.086427122,0.2,0.057699656,7.28524918,55.07397,0.195442558,23.28617087,928369.685,0.240638283,2.432157653,3460.985886,5.234291653,0.0,0.0,1.217278623,8377,2617,2617,0.100990808,0.132744419,0.243408483,0.034390524,0.149789836,0.0,0.01987008,0.017195262,0.0,0.5257,0.0,0.146233735,0.684498736,0.130791912,0.043807919,0.00800337,0.037489469,0.095408593,0.052732136,0.076041269,35.37601863,0.332037815,0.650471529,216.0,0.023148148,0.115740741,0.800925926,0.060185185,0.023148148,0.018518519,1.75462963,0.050925926,0.12962963,0.0,0.069444444,0.0,0.046296296,0.018518519,0.199074074,0.013888889,0.013888889,0.009259259,0.111111111,0.115740741,0.046296296,0.069444444,0.162037037,0.175925926,0.152777778,0.981481482,0.240740741,1.0,7912,34.0,113.8,48.5,13.1,35.4,1,0,0,0,1,2,0.423318061,0.292500603,0.130214613,0.00132626,0.100192911,0.000120569,0.046660236,0.104,0.613,29.0,14.0,6.0,7912,0.104,0.613,Station 11 - 1st Due,GAINESVILLE,Manassas,Sudley,2894,2191,511,35,64,10,42,63,121,52,180,30,Primary Fire Station - Station 11,2,4,82,27,371,24,29,1.0,2,27
51153901702,0.744667098,0.337302446,0.121312838,0.111038537,0.181013677,0.350798959,0.054729584,0.07778496,0.226666667,0.109727626,7.319180328,55.21243,0.154791464,21.55549251,790502.577,0.247024691,0.465801107,2401.566183,4.23155093,0.0,0.0,0.305181372,4641,1285,1243,0.170437406,0.320189614,0.222043443,0.08608206,0.0,0.157198444,0.144810941,0.065164924,0.0,0.9107,0.032684825,0.169388199,0.709142587,0.13263856,0.028422549,0.056371388,0.003789673,0.069635244,0.054706356,0.038616251,38.84419552,0.270402299,0.617108382,51.0,0.0,0.117647059,0.843137255,0.039215686,0.0,0.0,1.803921569,0.078431373,0.0,0.058823529,0.156862745,0.0,0.019607843,0.0,0.196078431,0.0,0.0,0.0,0.156862745,0.078431373,0.039215686,0.078431373,0.31372549,0.078431373,0.156862745,1.0,0.215686275,1.0,4815,30.8,118.9,56.8,12.0,44.7,2,0,0,0,3,0,0.657524092,0.23573017,0.038299975,0.0,0.042500618,0.0,0.021991599,0.157,0.629,0.0,7.0,6.0,4815,0.157,0.629,Station 8 - 1st Due,GAINESVILLE,Manassas,Yorkshire Park,900,762,86,9,27,0,16,25,46,26,56,10,Primary Fire Station - Station 8,2,1,35,9,106,14,19,2.1,1,2
51153901703,0.682795699,0.236174636,0.0,0.055417701,0.0,0.249219238,0.038461538,0.097187758,0.185641026,0.261603376,7.290986612,54.88631,0.156700918,25.87427702,861200.6182,0.265225306,1.56277071,3021.68829,5.31143107,0.0,0.0,0.332388705,2418,711,672,0.033085194,0.203473945,0.221726191,0.020833333,0.0,0.0,0.0,0.03125,0.0,0.2545,0.054852321,0.156741108,0.758290346,0.184966839,0.015475313,0.0,0.02284451,0.018422992,0.078869048,0.03422619,32.67454955,0.45,0.990074442,67.0,0.014925373,0.134328358,0.791044776,0.059701493,0.014925373,0.0,1.507462687,0.029850746,0.0,0.0,0.164179105,0.0,0.164179105,0.044776119,0.194029851,0.014925373,0.029850746,0.0,0.014925373,0.029850746,0.044776119,0.029850746,0.268656716,0.149253731,0.253731343,1.0,0.402985075,1.0,2574,36.2,104.8,54.9,15.0,39.9,0,0,0,1,2,0,0.484793628,0.317161477,0.076755974,0.001448226,0.083272991,0.001448226,0.02679218,0.051,0.989,1.0,8.0,8.0,2574,0.051,0.989,Station 11 - 1st Due,GAINESVILLE,Manassas,Stonewall Acres,644,504,75,10,9,1,14,19,35,16,48,5,Primary Fire Station - Station 11,3,0,12,4,82,3,2,0.3,1,2
51153901704,0.890003039,0.364425505,0.068151684,0.090107886,0.318533815,0.247506379,0.109693102,0.112123974,0.185641026,0.083254939,7.278997268,54.82831,0.177788097,29.43113879,872022.2329,0.275623941,7.353389459,3546.259768,5.647360407,0.0,0.0,0.439333507,6582,2126,1937,0.168185962,0.391522334,0.375838926,0.07537429,0.362652869,0.0,0.069179143,0.044398554,0.000759648,0.9426,0.088899341,0.185382161,0.608721805,0.217744361,0.0,0.068571429,0.0,0.104962406,0.075890552,0.032524522,33.65094023,0.342469352,0.42374943,79.0,0.012658228,0.063291139,0.848101266,0.075949367,0.012658228,0.012658228,1.810126582,0.050632911,0.0,0.012658228,0.113924051,0.0,0.075949367,0.037974684,0.227848101,0.037974684,0.025316456,0.0,0.151898734,0.037974684,0.012658228,0.063291139,0.164556962,0.151898734,0.151898734,1.0,0.329113924,1.0,7116,32.7,150.0,65.4,18.1,47.2,1,0,0,0,4,4,0.568391731,0.175634071,0.114206128,0.001905879,0.097786248,0.000586424,0.035185457,0.152,0.39,20.0,10.0,4.0,7116,0.152,0.39,Station 11 - 1st Due,BRENTSVILLE,Manassas,Manassas,2902,2247,266,25,51,6,21,37,62,43,81,9,Primary Fire Station - Station 11,2,7,97,22,123,16,101,3.5,0,27
51153901900,0.779272868,0.262259024,0.028372093,0.058731809,0.123003884,0.230222222,0.09509639,0.07413637,0.191794872,0.041211102,7.341177869,55.40999,0.165069521,18.63466229,923239.3439,0.234924353,4.298004764,2035.376052,5.161822333,0.0,0.0,0.200458642,7729,2378,2317,0.1719498,0.260059516,0.318083729,0.157099698,0.373843566,0.004205214,0.068191627,0.014242555,0.001164446,0.913,0.025651808,0.191658004,0.76620591,0.144184938,0.0021449,0.0,0.003574833,0.083889418,0.047475183,0.038411739,36.78627145,0.283114962,0.457124352,159.0,0.012578616,0.100628931,0.817610063,0.06918239,0.012578616,0.006289308,1.767295597,0.062893082,0.0,0.006289308,0.075471698,0.0,0.050314465,0.006289308,0.188679245,0.018867925,0.0,0.006289308,0.056603774,0.075471698,0.037735849,0.056603774,0.106918239,0.157232704,0.132075472,1.0,0.283018868,1.0,8141,30.7,119.1,59.8,11.9,47.9,0,1,0,0,12,6,0.433470508,0.24565615,0.109396433,0.001371742,0.160265203,0.000342936,0.037151349,0.108,0.498,16.0,21.0,18.0,8141,0.108,0.498,Station 8 - 1st Due,COLES,Manassas,Yorkshire Acres,1635,1267,269,30,48,5,26,40,75,38,111,20,Primary Fire Station - Station 8,3,1,44,23,225,14,11,0.7,1,6
